G,M20,C,A,z,d
0.504693664799751,-1.84264087616071,3.57616535107618,0.129013983939496,0.82,0.388302096758578
0.433492285980024,-1.1697476389735,3.10393208720358,0.209042191697251,0.83,0.483552632460407
0.287995253794197,-0.966810379643138,2.27855628892391,0.112883946244716,1,0.119442859479996
0.517034044130523,-1.25027919530509,2.81661082728353,0.148927846078151,1.01,0.121105248049311
0.303455775671215,-1.25046097550599,2.45671726779084,0.0585483690888127,0.93,0.971818870490995
0.536113882926862,-1.80672778699131,4.16546620982066,0.265139047786863,0.86,0.776140903192588
0.414133117056746,-1.8123780704606,3.43670277893919,0.11003857895882,0.79,0.309210050845135
0.410450597439691,-1.56937007721306,3.33677421879445,0.114194027185687,0.94,0.920343423592242
0.542555452114619,-1.74147360143952,3.6982740584086,0.127503085796281,0.94,0.920343423592242
0.426854838166625,-1.56344614404821,3.09427404602116,0.0876121837931266,0.72,0.861063257774717
0.466351952522434,-1.00842252554612,2.50937685750104,0.209662494353791,0.93,0.971818870490995
0.514834547419262,-1.94146758434975,3.92994154337506,0.134049180464295,0.91,0.785010927466818
0.397682737305622,-1.02954273740073,1.76568833537357,0.156383135019823,0.94,0.920343423592242
0.557578969862245,-2.00995188865504,4.14091536316521,0.119403583653205,0.95,0.820377323391621
0.456952034793859,-1.1713287078541,2.60294337630142,0.200900007369961,0.87,0.769764966913736
0.505596302674748,-1.60945387885162,3.39662704068014,0.133582054388828,0.86,0.776140903192588
0.468824654664978,-1.82108620216868,2.73190489953117,0.163275664363274,0.94,0.920343423592242
0.434817719526611,-1.54793451764383,2.72551642819732,0.183876006345004,0.93,0.971818870490995
0.458057743740875,-1.42951432707871,2.57918811562507,0.120054287617635,0.73,0.862375774453322
0.587685533909829,-1.88258551553808,3.93396534865304,0.0889011016432654,0.93,0.971818870490995
0.302737033545329,-1.11057849989439,2.38117992962356,0.0970539300536073,0.93,0.971818870490995
0.558251113315734,-2.36248474431016,4.324763075627,0.216042636177422,1.009,0.121216453333207
0.506573127563305,-1.85218370704674,3.74583895263448,0.172515283427312,0.92,0.991516213113188
0.913983990226315,-1.51874262410464,2.87772473465474,0.46304740395227,0.72,0.861063257774717
0.408251481035817,-1.28508423363808,3.19964992952288,0.175259394840762,1.122,0.0799211659871594
0.502892959471363,-1.98583379338965,3.60582894143029,0.177263893579674,0.68,0.698688438927053
0.45675427866082,-1.72421193360457,2.82217379328401,0.0972853342614623,0.69,0.794169194681158
0.502523946409853,-1.58689418233738,3.33282851487779,0.218254443892408,1.08,0.259360693107915
0.34896117717144,-1.97664129025268,3.06936221138445,0.156853285612698,0.69,0.794169194681158
0.514511563203042,-1.98111641512723,4.09264900528416,0.0261162906404233,0.93,0.971818870490995
0.317969831685057,-1.91969723616741,3.08519240285789,0.0597531598281595,0.86,0.776140903192588
0.546246233965843,-1.12093052356976,4.67756008435656,0.254202941602423,0.87,0.769764966913736
0.529400438239552,-1.84709501461145,4.11208859764104,0.187522637355329,0.69,0.794169194681158
0.556025871746221,-2.16190775518223,4.12559690124942,0.0468123851820364,0.67,0.616042174895359
0.414816921039937,-1.27704890443506,2.68805818096841,0.191988183215261,0.924,0.984729183603738
0.452404595774733,-0.913425785120902,1.4876160791946,0.471689533675703,0.61,0.545288746582964
0.473928758861614,-1.76000616881859,3.35869289468362,0.137389353043585,0.93,0.971818870490995
0.647470519330448,-1.8050425229258,3.38464402020785,0.216610455932461,0.92,0.991516213113188
0.570921994373696,-1.6599279492039,3.04589574356244,0.341466025940656,0.7,0.822190484893515
0.462785369888802,-1.10671264839795,2.60593158244362,0.137454009930792,0.86,0.776140903192588
0.572720567542585,-1.9705663394328,3.32016185480376,0.327424743084354,0.92,0.991516213113188
0.310941664222591,-1.58256497320367,3.42191729854469,0.102455878822589,0.7,0.822190484893515
0.194572453888236,-1.1186944271126,2.43110254793077,0.0743549171746949,0.61,0.545288746582964
0.49188446579584,-2.14132532308361,4.42034030349224,0.112604088648961,0.69,0.794169194681158
0.434318729496727,-1.55629823616202,2.64828305885273,0.0845634936499779,0.62,0.547888159129644
0.521675223384875,-1.93080130241019,4.03441935952638,0.112747799475302,0.82,0.388302096758578
0.407212506566423,-1.82441528183892,3.1643832128396,0.114337088508824,0.87,0.769764966913736
0.543500486585641,-1.70201342010422,2.7761404687301,0.162544963200145,0.88,0.763664564389277
0.391288035325712,-1.03598252949184,2.69837621395388,0.133512801995432,0.94,0.920343423592242
0.431476135188837,-0.728867742007536,1.7008310070439,0.190348157672255,0.93,0.971818870490995
0.5455349980767,-1.83694856312078,3.84324611890726,0.074488193321453,0.93,0.971818870490995
0.53842464675898,-2.00989019654107,3.99644254043675,0.12136301472557,0.93,0.971818870490995
0.429565051385261,-0.716163544480654,2.33055999785874,0.180404921258847,1.04,0.203640019444397
0.521753822655817,-1.93276816867042,4.26961795433654,0.0599091072265885,0.93,0.971818870490995
0.46621966882317,-1.19246114559857,2.61694463887785,0.13624471827057,0.95,0.820377323391621
0.489286841072509,-2.116821613184,3.82441939866726,0.154894745926746,0.926,0.980789715079299
0.510334024585621,-1.67272772701571,3.9797224974608,0.0940638909990939,0.93,0.971818870490995
0.496827900967057,-1.83266945515524,3.68365660609118,0.206393170559041,0.93,0.971818870490995
0.431504447398111,-1.03083073748632,2.52746896424258,0.17123435333724,0.93,0.971818870490995
0.491570486096947,-1.77843995925613,3.36736909740178,0.0348923736037439,0.8,0.304842242863277
0.487723710000718,-1.9792807077304,4.01415972791321,0.183496513288772,0.94,0.920343423592242
0.518584125637661,-1.78369746489432,3.98364888498071,0.0479185197254873,0.72,0.861063257774717
0.519644112357215,-2.06853340338971,4.00188101682422,0.0298345234849229,0.69,0.794169194681158
0.63852175228358,-1.83547579778971,3.77909230618638,0.0674599789472284,0.81,0.334837078735144
0.516633444666705,-1.84907206945513,4.48337147174367,0.15743597351127,0.92,0.991516213113188
0.570143274837996,-2.28516299764975,4.07894066130402,0.194967789301379,0.69,0.794169194681158
0.583659797787842,-2.02099296937195,3.72179116477291,0.163752266331779,0.94,0.920343423592242
0.543738274075748,-2.33175051737553,4.42446948830113,0.055473726301615,0.68,0.698688438927053
0.549468611548199,-1.99749044646157,4.37295679841886,0.0384027143561682,0.85,0.75635482886508
0.51197747857927,-1.85182553287962,3.79396829135322,0.115719711461929,0.93,0.971818870490995
0.499776706108087,-0.81723671453113,3.73925312043399,0.400815287464197,0.95,0.820377323391621
0.478430845913084,-1.45354915295882,2.53032361987291,0.147157271931849,0.95,0.820377323391621
0.420799412641731,-1.02171561778847,3.32811612251115,0.222008524840532,0.86,0.776140903192588
0.499129789244193,-0.816036746076494,4.35304033748129,0.314770454127477,0.86,0.776140903192588
0.473888250681885,-1.91653063235484,3.68143809601857,0.144774803920866,0.85,0.75635482886508
0.532024096900706,-2.10699434752892,3.83537791531855,0.187260065170584,0.64,0.3829641746354
0.273209206109946,-0.864806643436182,2.44875279435377,0.155859316539367,0.84,0.646359669315922
0.442554457582634,-1.87591642512336,3.04166952433528,0.042084853678189,0.87,0.769764966913736
0.501218284651318,-1.94336013512337,3.73140505244007,0.110576934888291,0.69,0.794169194681158
0.264371273444971,-1.59201837418849,2.72714017779752,0.111699381005286,0.85,0.75635482886508
0.794924240226036,-1.92964530540696,3.92252242859633,0.35269689248649,0.61,0.545288746582964
0.488155017131553,-1.8264938103841,4.53581705453209,0.213311494304618,0.93,0.971818870490995
0.546842597915828,-1.93765435472072,3.70874573170081,0.145977791912112,0.93,0.971818870490995
0.477925570051773,-2.00236087582212,3.90231277083458,0.073732634981943,0.94,0.920343423592242
0.526350163942276,-2.23981822611372,4.54978248058594,0.18841511297388,0.68,0.698688438927053
0.521918432534619,-1.81751826254488,3.37160587363381,0.288335067720664,0.86,0.776140903192588
0.552267794439526,-1.71348811550885,3.51761094443611,0.229408400598792,1.09,0.221170087151215
0.53259685871677,-1.89330663385395,4.26965256832123,0.141848942292435,0.92,0.991516213113188
0.588172292693884,-1.91613217592732,3.95424401173611,0.133714363495802,0.92,0.991516213113188
0.48056841134592,-1.58951947276696,2.28048074898767,0.532767980567552,0.59,0.487592644681106
0.497853526501371,-1.69905090396198,2.85259383944598,0.133856249026102,0.79,0.309210050845135
0.561617961858348,-2.09020221201026,4.27458759805665,0.165391149539372,0.88,0.763664564389277
0.575452840572902,-2.24706679859427,5.13300193766119,0.123411030441576,0.93,0.971818870490995
0.505315816622831,-1.66423966863443,2.9826252928467,0.238446408241605,0.93,0.971818870490995
0.479247446559465,-1.61768888142436,3.02346481473027,0.173832855281627,0.93,0.971818870490995
0.442815466689815,-1.90795867318795,3.62664446461288,0.0683681707549163,0.86,0.776140903192588
0.582977242311545,-2.18231085793957,4.62354491980617,0.077971311677264,0.77,0.465239147470381
0.625099957990268,-1.59972988552444,3.72395580842811,0.302089582018825,0.64,0.3829641746354
0.51958570090629,-2.07254390260073,4.20185652429797,0.19259115136568,0.68,0.698688438927053
0.53343322907099,-2.12520648808192,4.02325003180664,0.170732816293238,0.95,0.820377323391621
0.469680254700602,-1.44544378572847,3.56649749215048,0.277988187632077,0.96,0.59301078819364
0.539141413136099,-2.24011077926186,4.13052183039241,0.182110888668315,0.87,0.769764966913736
0.390107204196791,-2.17925205163783,3.41870115465862,0.195381663655968,0.8,0.304842242863277
0.496991781700126,-1.75773463410271,2.76145194769621,0.141119305555645,1.06,0.258159988824706
0.614906260260142,-1.93946915160506,3.94795369263235,0.0358459382058313,0.67,0.616042174895359
0.520572530254272,-1.72672548756345,4.17690515659152,0.135558204582949,0.93,0.971818870490995
0.827068445129493,-1.79979958545387,3.9392734540606,0.22678749439741,0.6,0.547575159546733
0.474255235578541,-1.23462588390494,2.6512703081833,0.167980912462604,0.78,0.371988342285681
0.40718425424314,-1.53115162218833,3.17230982399595,0.138895100204112,1.05,0.228406373526592
0.49835868991704,-1.78616930125867,3.30714808648347,0.159019500233587,0.61,0.545288746582964
0.586016775053439,-2.08781827152395,4.38111368017735,0.137289639780988,0.93,0.971818870490995
0.539534463378534,-2.08860252727442,4.48755291686871,0.103127240118837,0.77,0.465239147470381
0.505900818794292,-1.4975190660603,3.73944789726814,0.150562770753735,0.62,0.547888159129644
0.526206095604528,-1.78154989749262,4.46356091949962,0.218294592429011,0.99,0.145966249528063
0.554197050259387,-2.13916302833344,4.25198241784372,0.117714062912158,0.96,0.59301078819364
0.49778590983259,-1.82647827616546,3.49563889458926,0.0450492188880359,0.92,0.991516213113188
0.566757637623593,-1.98967336613557,4.42005490594445,0.115724257722183,0.93,0.971818870490995
0.374910050597076,-0.764285791195642,2.38763789337199,0.22765229079887,1.02,0.128154827908827
0.509675651323672,-1.98185204730172,3.38449938370261,0.112917174137921,0.86,0.776140903192588
0.2646545044258,-1.58024234020331,2.62236927403832,0.154025783648432,0.8,0.304842242863277
0.432797452671926,-1.62370869986629,2.60955851565901,0.104842527784287,0.94,0.920343423592242
0.454711494584815,-1.10728617487276,2.5707752038418,0.204282056637085,0.65,0.338681304747934
0.316863617305472,-0.94083345773231,2.40272480402155,0.225239950578519,0.94,0.920343423592242
0.504825465675948,-1.73831395030294,3.20071930038653,0.13263734134912,0.87,0.769764966913736
0.382064980911795,-1.26180336166812,3.03035181141994,0.0885080157497965,0.94,0.920343423592242
0.763292156410257,-1.78721193373758,3.92115350702972,0.305186264605804,0.6,0.547575159546733
0.533091031573899,-1.7811892027229,4.00651552654355,0.13954379551695,0.92,0.991516213113188
0.487341691319983,-1.85880703018846,3.59053050242974,0.173079834950874,0.86,0.776140903192588
0.460677301902152,-1.38748243692285,2.96682916037946,0.143231417692718,0.74,0.82172106991003
0.474418750640496,-1.87175858426265,3.61152572152052,0.0772826725226884,0.73,0.862375774453322
0.549382627925734,-2.10301594800237,4.05945493136025,0.0978725383380434,0.69,0.794169194681158
0.480878366330212,-1.54556370484408,3.14508412866238,0.106908568786394,0.94,0.920343423592242
0.441467800684915,-1.30450432019065,2.27406479336096,0.0979388188863707,1.06,0.258159988824706
0.457870785294377,-1.47323120237642,2.92447593858883,0.177191021220887,0.95,0.820377323391621
0.365125578197182,-0.996834237012266,2.59473134289105,0.0816174475275827,0.85,0.75635482886508
0.657339575630341,-1.2483162008618,2.74548820050807,0.628160558593939,0.79,0.309210050845135
0.544383164899372,-1.85088700247455,4.42106522684447,0.147607625539808,0.86,0.776140903192588
0.501375710095235,-1.74787113124422,3.9261388713901,0.164844584936315,0.79,0.309210050845135
0.476862867965249,-1.59890210476906,2.87115476329502,0.239731861876097,0.95,0.820377323391621
0.344750910284621,-1.56526887395206,3.17418514673769,0.121594403055693,0.66,0.446124740344437
0.5351850646459,-1.87992511638948,3.33280608500698,0.0768491042132761,0.94,0.920343423592242
0.207505533876848,-0.953430706914536,2.28113130116482,0.150465117018435,0.73,0.862375774453322
0.470278246579713,-1.12735180195159,2.23875053283445,0.224854806959877,0.96,0.59301078819364
0.439984468585113,-1.85097438220298,3.28327576264955,0.168406366273937,0.85,0.75635482886508
0.392790920119267,-0.941948594852024,2.58407661494444,0.188397015905133,0.93,0.971818870490995
0.567924294942259,-2.13993313596257,3.88899590410743,0.147547609399263,0.87,0.769764966913736
0.42687415667252,-1.70442874006588,2.71866622809938,0.0798476479272238,0.66,0.446124740344437
0.359923891482772,-1.59783063919354,2.93911433482959,0.166105642513378,0.93,0.971818870490995
0.542869549512971,-1.85048181304749,4.54646118914866,0.148668614594078,0.67,0.616042174895359
0.379406031907122,-1.18354959411503,2.41965287537221,0.146198240162711,0.78,0.371988342285681
0.948376751017364,-1.9205080758219,0.101017926985484,0.975201942074034,0.71,0.815131481071695
0.504107906492562,-2.24389183733294,3.86645070558478,0.152163546303168,1.09,0.221170087151215
0.561200938081285,-2.13353836564911,4.60093743243201,0.398421369867454,0.67,0.616042174895359
0.459852581050581,-2.07802669867861,3.97855078141132,0.156066243724454,0.62,0.547888159129644
0.452613454185252,-1.45548363249949,2.94301783264313,0.134556042629355,0.93,0.971818870490995
0.529894405710029,-1.85969876459791,3.53916277823403,0.100174363381445,0.93,0.971818870490995
0.485614638143533,-1.63401502404219,4.57347549626008,0.0717889487367722,1.05,0.228406373526592
0.468812600307147,-1.70211395375134,3.60603613071067,0.309949604330078,0.68,0.698688438927053
0.535552367304385,-2.04649576040107,4.14636173969041,0.413158509079152,0.64,0.3829641746354
0.453031157208643,-1.10872175135309,2.42632103908433,0.175351373904729,0.7,0.822190484893515
0.559105087710989,-2.11481311952211,3.86006768278138,0.2135885968711,0.86,0.776140903192588
0.381907888260657,-1.08433100028298,2.14594275713137,0.126630929552763,0.93,0.971818870490995
0.540292924929752,-1.97993413008945,4.0992087508749,0.039089589806736,0.84,0.646359669315922
0.442951160651037,-1.49964884010474,2.93570841778463,0.171488717093056,0.87,0.769764966913736
0.279050472417821,-0.952351812239968,2.61716490964938,0.195217202279392,1.11,0.144423126649965
0.302420897176423,-1.51083867160112,2.77413434706563,0.0658435086064042,1.05,0.228406373526592
0.486591874307997,-1.91725618673959,4.27651612073905,0.170768736617317,0.78,0.371988342285681
0.279050472417821,-0.952351812239968,2.07415567846894,0.308136446196813,1.05,0.228406373526592
0.45200081845697,-1.94375097969106,3.33468674304062,0.107424740433779,0.95,0.820377323391621
0.511305724271851,-2.07105140040521,4.09877276418548,0.129351924909331,0.839,0.629288914049196
0.423562661358486,-1.53524803864031,2.69436447862111,0.247905301861286,0.95,0.820377323391621
0.488453532705564,-2.0206617386989,3.93144129597699,0.0526497058849011,0.66,0.446124740344437
0.434593640007029,-1.13441621704935,2.60250157844504,0.287626841832346,1.023,0.132718191676224
0.238846934154848,-1.34844765808517,2.34771712342606,0.10434746965203,0.7,0.822190484893515
0.484436964259139,-1.95482360268519,3.35888500805209,0.0212959817558538,0.77,0.465239147470381
0.225452592742015,-0.933050359609451,2.42096332136318,0.121583200837196,1.03,0.167460665126403
0.558443863069498,-1.96018284162654,4.47618188714429,0.0939807493342916,0.62,0.547888159129644
0.527375635899257,-2.10958277273929,4.44317709525295,0.0638219991052285,0.71,0.815131481071695
0.4708809185544,-1.71600288463918,2.75749559376582,0.159282360043682,1.05,0.228406373526592
0.464791014910707,-1.89552238135293,4.11949900839361,0.0404265513777365,0.88,0.763664564389277
0.409804603465096,-1.73393559860069,3.44267857558878,0.102558119453188,0.71,0.815131481071695
0.186477586403116,-0.9760727055831,2.65547938832146,0.00488294143797852,0.85,0.75635482886508
0.416748644979649,-1.20101387162586,2.70582136884731,0.190174585831233,0.97,0.343567251734156
0.393893320751983,-1.60190284502103,2.54814720409942,0.09047279088515,0.73,0.862375774453322
0.451619449595375,-1.47830275707093,3.3706677889994,0.347223288451873,0.65,0.338681304747934
0.423506029976604,-1.09064019362122,2.03370797027217,0.136181486117072,0.95,0.820377323391621
0.402601683327861,-1.05846167136044,2.76112963558682,0.146171239744611,0.95,0.820377323391621
0.383976726711154,-1.78876975969119,3.29557080902537,0.102300899788144,0.74,0.82172106991003
0.489041271540916,-2.08873466665488,4.14894152767135,0.149792621314976,0.6,0.547575159546733
0.268450383377946,-0.778016924698927,2.3074452597728,0.157437499911485,0.73,0.862375774453322
0.375255527655895,-1.89213653776478,3.0325426947542,0.0940753958442713,0.59,0.487592644681106
0.286149687164264,-1.15099059082393,2.62072813285622,0.0875770254987297,0.93,0.971818870490995
0.453569016455593,-1.09637241294733,2.75776103300364,0.287155656130617,0.94,0.920343423592242
0.425895633591984,-0.977244486129375,2.53532180721579,0.0629690135363325,0.93,0.971818870490995
0.47510870433142,-0.978784100626022,2.9597795525892,0.219130702314835,0.96,0.59301078819364
0.422208201879154,-1.07214451919923,3.17997727544202,0.124736683539859,0.84,0.646359669315922
0.401640491187414,-1.73374673137537,2.7992263749767,0.331379149987738,1.04,0.203640019444397
0.400905253054538,-1.53816985530086,3.19609400827916,0.12382349600683,0.66,0.446124740344437
0.485288769426138,-1.76460363565486,2.93754705219969,0.160970695245967,0.96,0.59301078819364
0.429171589404716,-0.991959057226434,2.78225077074114,0.13235230479385,0.84,0.646359669315922
0.520207782810197,-1.89465207960641,3.02745855088161,0.245723248378004,0.96,0.59301078819364
0.416492010676998,-1.9129062274683,3.67055424390501,0.111527699227332,1.04,0.203640019444397
0.470143044173758,-2.01646379380687,3.58232642437949,0.172404720386259,0.79,0.309210050845135
0.266510012730984,-0.860644972402987,2.21011418245552,0.110432440528603,0.95,0.820377323391621
0.407490462125616,-1.62309111376541,3.78883483185597,0.171452817171081,0.65,0.338681304747934
0.538578123786968,-1.93061786404107,4.12425202780195,0.166780873483259,0.77,0.465239147470381
0.53809697471021,-1.768453146056,4.24950589790442,0.102940382689458,0.67,0.616042174895359
0.745084221671213,-1.4542173222672,3.63121230657402,0.447966872885607,0.81,0.334837078735144
0.524661181454553,-1.88531058826487,3.68191251257184,0.0684119515813388,1.02,0.128154827908827
0.477656244969042,-1.95324288371846,3.79063404399063,0.0408500812821766,0.67,0.616042174895359
0.495037168463725,-1.76189106428212,3.29747965830744,0.130558509769806,0.79,0.309210050845135
0.449974072743669,-1.51435032980456,2.96512584934881,0.0761133329356817,0.79,0.309210050845135
0.35713275688679,-1.88017413901043,3.02527132193834,0.0892359637074191,0.74,0.82172106991003
0.814114701561907,-1.87769433730122,3.6273403897134,0.627239202747979,0.6,0.547575159546733
0.364619671331572,-0.813146898016775,2.32840281263897,0.161909076912305,1.03,0.167460665126403
0.493522025762437,-1.89978429360963,3.23155446596927,0.030995901547269,0.81,0.334837078735144
0.829292674013223,-1.70097015412823,3.73208168289855,0.0874125325357882,0.59,0.487592644681106
0.601428155329041,-1.63616347386422,4.24470261300832,0.253110578594193,0.97,0.343567251734156
0.522743963493507,-1.99537813094457,3.82973173142734,0.140388820014968,0.92,0.991516213113188
0.134584449128404,-0.795346997050039,2.13163549789978,0.0584608491173566,0.65,0.338681304747934
0.447753380666439,-1.68283038377157,3.57663529522913,0.178637779017012,1.08,0.259360693107915
0.798541366441891,-1.68156713281227,3.4793078128992,0.547818322750128,0.76,0.550742988622657
0.522582055393123,-1.18251426914329,4.26560728523772,0.235837903441894,0.84,0.646359669315922
0.552759868582807,-1.99592087792927,4.84091453000906,0.134022429406408,0.87,0.769764966913736
0.558588382140991,-2.07157495166388,3.92436363717435,0.0958249413048933,1.04,0.203640019444397
0.396320730719801,-1.63015195012598,3.49619839074149,0.155639233439066,0.87,0.769764966913736
0.459149983866811,-1.84553452936863,3.24974217639874,0.225930328228929,0.68,0.698688438927053
0.204998142929105,-0.794382739795406,2.35100674711364,0.145219535920939,0.94,0.920343423592242
0.49924092603463,-1.45089969993501,3.1406266377619,0.15988047646589,0.86,0.776140903192588
0.512048617494295,-1.87534319312038,2.89477756608983,0.133338095300543,1.07,0.282156038795927
0.493752567117666,-1.86124908790809,3.93723284923009,0.0617513132389721,0.75,0.695706953877829
0.516556452269965,-1.80330695718376,4.19829126301318,0.159672914819356,0.69,0.794169194681158
0.434177822247167,-0.834498651972999,2.78901718388993,0.176383274316902,0.78,0.371988342285681
0.494658294863503,-1.90727286137496,3.26528948094588,0.188139193089131,0.72,0.861063257774717
0.356044382906621,-0.74085870635875,3.17850762035906,0.317806414283886,0.97,0.343567251734156
0.52309599445772,-1.97766576065522,4.11293715907256,0.104580129501788,0.93,0.971818870490995
0.48840314997259,-1.82856551995796,3.14892276729064,0.0583255155999986,0.73,0.862375774453322
0.432762720482394,-1.09779500482313,2.32793841425844,0.129112048436531,0.94,0.920343423592242
0.487617508273335,-2.03735885721603,4.31789389465936,0.147593457032905,0.73,0.862375774453322
0.459871482351372,-1.44229529038722,2.73113788857495,0.153033608738784,0.75,0.695706953877829
0.809785459718259,-1.6608810346902,3.72378296680834,0.507260166161672,0.6,0.547575159546733
0.444259384130911,-1.45520160554943,2.44878245940867,0.113478887170166,1.07,0.282156038795927
0.358319127339974,-1.82725470474912,2.60525306404341,0.243900639806934,0.94,0.920343423592242
0.23193512254039,-1.29803616438088,2.56842552017527,0.129003391261852,0.93,0.971818870490995
0.504152848262855,-2.02852606167128,3.59243137220729,0.0791371886163589,0.73,0.862375774453322
0.543505126354667,-2.24421652481067,4.49642286736138,0.0961204539599522,0.74,0.82172106991003
0.257577646205904,-1.33566367381741,2.53486698421929,0.163464772701202,0.93,0.971818870490995
0.535371540433639,-2.16803513838898,3.66319340431215,0.122992080264794,0.73,0.862375774453322
0.575294474385328,-1.79994406913804,3.30589542613514,0.260879794364492,1.07,0.282156038795927
0.478865230521691,-1.67752355815437,3.41384111344095,0.149431527032563,0.65,0.338681304747934
0.439336824521212,-1.70842328563822,2.85106207440593,0.211664220331915,0.95,0.820377323391621
0.339116957096359,-0.960956239268695,2.98468479484995,0.127596848150918,0.93,0.971818870490995
0.392330446119712,-1.0256617734655,2.02266466662277,0.0906261494436374,0.75,0.695706953877829
0.514124565725877,-2.00756039789218,3.4791161306346,0.200578271704355,1,0.119442859479996
0.401840718507704,-0.834680426668468,2.10095657914206,0.113389655596046,1,0.119442859479996
0.511438850924327,-1.54456243138614,3.81048645559932,0.0617593696870505,0.89,0.701951526087772
0.512785566770855,-2.03974266259347,3.55996986768928,0.132068518730782,0.86,0.776140903192588
0.467665781648517,-1.52302550341039,2.80733655439149,0.15770022416985,0.72,0.861063257774717
0.445095453037481,-1.74553555925947,2.9356472166313,0.144980880631948,0.7,0.822190484893515
0.513590373143971,-1.75885835261612,3.83790007164148,0.136521467639061,0.78,0.371988342285681
0.791824664672332,-1.59084307594862,3.22024601535719,0.277224396065402,0.69,0.794169194681158
0.308438910784645,-0.920728972291258,2.25635454649742,0.307119356537731,0.78,0.371988342285681
0.477042845070978,-1.68936809841204,3.81223834888929,0.221222585919731,0.75,0.695706953877829
0.456726556353663,-1.82358180322321,3.27138711681266,0.0923672267320276,0.92,0.991516213113188
0.431830769873838,-1.09211124232872,2.52447342103637,0.116824145211724,0.86,0.776140903192588
0.548919451406678,-2.14974629511192,4.22003096413339,0.246219437388925,1,0.119442859479996
0.399165706377123,-1.15477366226069,2.83204095482171,0.176190024157358,0.95,0.820377323391621
0.495778639594442,-1.74710623867719,3.07936671551556,0.410352871720147,0.82,0.388302096758578
0.549470993571774,-1.86292308619728,3.66951887264268,0.193780053139266,0.67,0.616042174895359
0.381636603727037,-1.09755748932899,2.77706061581908,0.125837685781961,1.01,0.121105248049311
0.520769842606485,-1.95327965783656,4.0331428368748,0.0930343186055546,0.75,0.695706953877829
0.409984458404485,-1.59556454672173,2.76538977527748,0.137769888144019,0.7,0.822190484893515
0.563582557705801,-2.08667260154123,4.55633937011928,0.1024779437278,0.94,0.920343423592242
0.549817530139566,-2.10542668872834,4.17380836552911,0.108087516670894,0.76,0.550742988622657
0.413026296264132,-1.64732900706682,3.33145686873668,0.0771659759015809,0.73,0.862375774453322
0.513257351891618,-1.77407229457982,3.65943528221621,0.0810765670893373,1.085,0.222035682044019
0.479097442984891,-1.71171399493333,3.59385894781775,0.146367804743495,0.7,0.822190484893515
0.4698108484987,-0.929574533795007,2.43180924195369,0.19878140651662,1.09,0.221170087151215
0.452502671047843,-1.17566701608631,2.87934008721242,0.188061775185188,0.93,0.971818870490995
0.523589528082313,-1.89577104637588,3.850724659366,0.114917037316198,0.72,0.861063257774717
0.530989036317364,-1.95771505343179,3.88916145409751,0.12716209979077,0.84,0.646359669315922
0.792167032679837,-1.69873322077579,3.47908338330688,0.702389953175883,0.6,0.547575159546733
0.799775569137374,-1.82815350335004,3.96876454378599,0.375644861593765,0.6,0.547575159546733
0.545636879706222,-1.6658852206114,3.16045936342672,0.173161684471123,0.96,0.59301078819364
0.412983749426631,-1.65547683456587,2.91612552784881,0.105467640588506,0.72,0.861063257774717
0.433619052743203,-1.13601054833517,2.25713121454963,0.0938724593590791,0.99,0.145966249528063
0.455562589710578,-1.37924783378649,2.71276178718096,0.109651442103276,0.839,0.629288914049196
0.555590480664145,-2.09325613274476,4.12389311861632,0.290102406244193,1.11,0.144423126649965
0.478792632294269,-1.76552926054899,3.46877266131838,0.162548171030357,0.96,0.59301078819364
0.348688998257035,-1.73499273153923,2.98660423399037,0.0957235734036439,0.74,0.82172106991003
0.355073742810481,-1.68174062304126,2.91899977073375,0.0723680436745278,1.09,0.221170087151215
0.467290433951098,-1.36942059665003,2.70538292870136,0.218184199773049,0.93,0.971818870490995
0.511694465901292,-1.87480633329806,4.0639454421512,0.0197693686290933,1.05,0.228406373526592
0.398180269834505,-1.34010262910207,2.68341917727938,0.113579295847162,0.73,0.862375774453322
0.479625594714537,-1.79705937594909,3.13077020945964,0.0853251014285865,0.85,0.75635482886508
0.531115752498628,-1.91673761796486,3.95475946033222,0.0258986888563834,0.67,0.616042174895359
0.293134544819748,-1.32881096052231,2.68154311639942,0.0568873616854014,0.89,0.701951526087772
0.575470016394869,-1.76732909520532,4.06709760655844,0.183025839312943,0.75,0.695706953877829
0.526373095927521,-1.73572740058014,3.52209274097987,0.241040980172377,0.74,0.82172106991003
0.648357892810286,-1.74225021403319,3.26039058655951,0.22446165187638,0.64,0.3829641746354
0.539827584730213,-2.11780591976141,4.61280345902064,0.0691611846635136,0.94,0.920343423592242
0.514302271124223,-1.29102607791379,2.82228461389517,0.260110062218957,0.99,0.145966249528063
0.30809933998648,-1.81912461655552,2.93827252893306,0.0862109716773149,0.87,0.769764966913736
0.499134027596256,-2.0217513056342,3.81422160666677,0.0670583404026242,0.67,0.616042174895359
0.521631580377913,-1.94318802744711,3.9233187311159,0.0861873970950259,0.73,0.862375774453322
0.408882179091083,-1.90509863890941,3.33241835721829,0.0201983874943891,0.76,0.550742988622657
0.846739842742682,-0.655446704450249,2.02611001668151,0.987555119472727,0.76,0.550742988622657
0.517618397741626,-1.66798714573845,3.29478951962974,0.103242676828458,0.72,0.861063257774717
0.60714047260056,-1.93914817456609,3.61060941787344,0.215924075319393,0.64,0.3829641746354
0.462588850058727,-1.64314909308113,2.96502068922002,0.0826536038870213,0.95,0.820377323391621
0.5130683600797,-1.87543390934448,3.76404634882096,0.108118315114306,0.93,0.971818870490995
0.312615494027026,-1.0872277413997,2.37010905842674,0.11773546519803,0.85,0.75635482886508
0.490730534723104,-1.78740985201807,3.29636869472648,0.138096443269033,0.86,0.776140903192588
0.536236897967118,-1.88912900234744,3.68546094370585,0.0798381457461159,0.95,0.820377323391621
0.545078802830652,-1.90826845969871,3.96647405629346,0.0643153148312066,0.93,0.971818870490995
0.494215634755675,-1.78099084290283,3.6581296668656,0.0336380789289401,0.92,0.991516213113188
0.496108422089432,-1.74325962552393,3.75750857258606,0.0996639150525224,0.98,0.218247048000167
0.809017516542474,-1.84606529507966,2.56179648411673,0.539042925757519,0.82,0.388302096758578
0.442294437754421,-1.93900057157398,3.46295722752558,0.0921287381991939,0.75,0.695706953877829
0.470092965279974,-1.24007595142806,2.49877651324158,0.190305320051843,0.75,0.695706953877829
0.509751793147594,-1.81335241590108,3.62512609157513,0.121551240117615,1.08,0.259360693107915
0.424875949526367,-1.76680065964712,2.94948894087773,0.0763614448870761,0.74,0.82172106991003
0.430747529603928,-1.45607709261907,2.52604626568252,0.103673042955674,0.75,0.695706953877829
0.51746808859629,-0.76250632451506,2.33619391815185,0.221315675013786,0.94,0.920343423592242
0.5651095035188,-1.99703078082389,4.72325396051212,0.144064335468971,0.88,0.763664564389277
0.557580610988993,-2.06031176461472,4.09423189389538,0.136434490577985,0.98,0.218247048000167
0.462753689741431,-1.45994322484801,2.85570330294714,0.170272285576226,1.11,0.144423126649965
0.552572370230558,-1.38608065912364,3.42115184175675,0.173665287636039,0.72,0.861063257774717
0.591697302565361,-1.99479996193876,3.39895468176462,0.204034499314047,0.69,0.794169194681158
0.456391669333161,-1.25364939392804,2.98085512534961,0.155274643313981,0.95,0.820377323391621
0.349565109845429,-1.53720997403729,2.75784389210648,0.176125983907025,0.87,0.769764966913736
0.439825084278773,-1.12970281301756,2.66813325742354,0.190528126880169,1.02,0.128154827908827
0.447796308024803,-1.30781587594085,2.64862711601967,0.257153354830455,1.05,0.228406373526592
0.44492113241888,-1.42144642766626,3.00788091979185,0.168069489154653,0.748,0.731157969420745
0.508529163861871,-1.82045248864736,3.31519682474211,0.107881107030776,0.87,0.769764966913736
0.568994078147149,-1.93148342227594,3.7481222435912,0.187019308818051,1.08,0.259360693107915
0.459552762645227,-1.65455786078321,3.12351779542266,0.0685917341624976,1.07,0.282156038795927
0.488320294394787,-1.85873697728053,3.39863302055445,0.138524456638639,0.73,0.862375774453322
0.52220453098092,-2.12016292275691,3.51639854525764,0.164558853103411,0.87,0.769764966913736
0.432572354499264,-1.32444204214655,3.689369965302,0.125264926459798,1.07,0.282156038795927
0.537651322276694,-1.81356812183918,4.11971685651723,0.143580784773846,0.71,0.815131481071695
0.437947738931087,-0.691729527063284,1.99551421180628,0.229693525438122,0.95,0.820377323391621
0.481183635040142,-1.72253418526238,2.9300426271907,0.100409469072855,0.7,0.822190484893515
0.401900858223661,-1.59994876027696,2.56122119857434,0.100678500641806,0.96,0.59301078819364
0.562224612213735,-2.30330014303992,4.18409568463175,0.128134555514183,0.87,0.769764966913736
0.456569071260893,-1.2190335154988,2.18623430068272,0.214756683149985,0.94,0.920343423592242
0.353439039373858,-1.07989024137181,2.79368584472706,0.0463475262985378,0.66,0.446124740344437
0.524685191752665,-1.9868604974721,3.62775478444753,0.0836126740524121,0.62,0.547888159129644
0.486297685444673,-1.18627532533133,2.91181804767009,0.0731144940431692,0.62,0.547888159129644
0.449251384342688,-1.08025778327797,2.89092452353769,0.101296063612318,0.65,0.338681304747934
0.48110773084866,-2.00694479134073,4.04283767003216,0.163934646723322,0.77,0.465239147470381
0.450137360617668,-1.5827118695454,2.7245696362809,0.178357945392478,0.94,0.920343423592242
0.241599712813926,-0.842676710924422,2.02535881888127,0.160107045182117,1.07,0.282156038795927
0.301904844398633,-1.50434430121627,2.80342783301604,0.124350642396898,0.73,0.862375774453322
0.543488087903053,-1.9627213939183,3.44955791269805,0.17142730597286,0.73,0.862375774453322
0.523454815093949,-2.16791691315604,4.46525929211701,0.0744567745746197,0.76,0.550742988622657
0.502421287109681,-1.96359202237093,3.6276456418271,0.127523540888906,0.93,0.971818870490995
0.520657572540904,-2.0117265928065,3.88793746132489,0.118248968175359,0.92,0.991516213113188
0.464304249958598,-2.02607718898895,3.54586102438391,0.302158090134572,0.76,0.550742988622657
0.526845073983509,-1.95763648604139,3.94235685985965,0.0573212689837955,0.75,0.695706953877829
0.458375097049771,-1.61426692244902,2.76060230293904,0.0635713762322449,0.85,0.75635482886508
0.472611200187413,-1.25718347723016,3.08446536469453,0.082108787582244,0.61,0.545288746582964
0.456402153980774,-1.6576170797256,3.29998311691642,0.174104229801089,0.7,0.822190484893515
0.308091888904125,-1.21483793037341,2.73225691157917,0.0995245756030634,0.94,0.920343423592242
0.358173750857513,-1.04215613086756,2.30038179670183,0.120172382537056,0.9,0.607420058926763
0.484458249063761,-1.8582724837358,4.02974516480233,0.0981487520243512,0.74,0.82172106991003
0.447825924747048,-1.82116227441561,3.98483531211951,0.110260380757074,0.83,0.483552632460407
0.414566330929364,-1.52166955051148,2.78196568342248,0.191317240585212,1.09,0.221170087151215
0.442820362011338,-1.31426733368377,2.47634833902977,0.188701532976629,0.93,0.971818870490995
0.366866679430108,-1.33275411315727,3.44595208917098,0.127961957368978,1.05,0.228406373526592
0.351641608153105,-1.98557000415973,3.17668548474217,0.0752370539707199,0.96,0.59301078819364
0.395205586244107,-1.37784135346798,2.37580502750801,0.125464395439229,1.08,0.259360693107915
0.793503063307512,-1.70055602975756,3.86352939316923,0.495641012927613,0.7,0.822190484893515
0.440293173461472,-1.49249200804876,3.27903546315192,0.130210743838397,0.75,0.695706953877829
0.478519767436577,-1.34217331541369,2.79964318426301,0.164680283058423,0.87,0.769764966913736
0.470633358136943,-1.26800373724092,3.38736762548503,0.186387089014471,0.89,0.701951526087772
0.458770168224957,-1.71967203349058,3.27372471086112,0.135822639417216,0.88,0.763664564389277
0.813359451983725,-1.6806130145566,3.60865287551801,0.105399380982072,0.6,0.547575159546733
0.545246676632807,-1.63041700409853,3.06827894769683,0.340596678536527,0.84,0.646359669315922
0.199428812048571,-0.802461470131184,2.19688160863626,0.0136716950055732,1.07,0.282156038795927
0.399065785098374,-1.58655490654977,2.52421222115371,0.106491239068182,0.75,0.695706953877829
0.490026164059498,-1.54218973880109,3.0254912440598,0.190442395688993,0.9,0.607420058926763
0.57707014667324,-1.52310811419395,3.11163450344628,0.124426514505132,0.85,0.75635482886508
0.539194940228404,-1.88467900539473,3.85390000555937,0.186370312154016,0.85,0.75635482886508
0.534491408158264,-1.88030676299815,4.93204220834684,0.107465858763707,0.84,0.646359669315922
0.49510494284972,-1.80953402236871,3.98932545547491,0.0603817988533177,0.86,0.776140903192588
0.480805324621414,-1.72934054078902,3.74160597791913,0.0177565075689097,0.93,0.971818870490995
0.530065005241906,-2.00420309019657,3.79038896864782,0.168151549955281,0.85,0.75635482886508
0.516446966878787,-1.7527272630889,3.46791296029533,0.173769724694265,0.83,0.483552632460407
0.465074123284753,-2.09906397963983,3.65235587625549,0.179342648995925,0.86,0.776140903192588
0.400381287474061,-1.66933261934169,2.82006327198595,0.0923993987650536,0.72,0.861063257774717
0.485066581778654,-1.55695196221497,3.94637939860352,0.353817583194429,0.85,0.75635482886508
0.496603444594278,-1.78603001729038,3.48689402424265,0.115026898378087,0.72,0.861063257774717
0.511045925631632,-0.989241751237053,3.41539911040845,0.164730884167193,1.07,0.282156038795927
0.412567334151526,-1.20690610090162,3.08024673354419,0.0845186962332599,0.71,0.815131481071695
0.64198616322934,-3.22075354012546,3.81727742731606,0.100600893260023,0.6,0.547575159546733
0.788545105347823,-1.49771386208762,3.28608213911121,0.238855870984389,0.6,0.547575159546733
0.504492779595987,-2.06389253462329,4.24843668417396,0.0983078398621892,0.7,0.822190484893515
0.493891565815177,-1.77233994469272,2.8848262544377,0.104306906494266,0.948,0.84425900700652
0.478044094094052,-1.67994763279313,3.01388866760507,0.140764667999561,0.96,0.59301078819364
0.512000596297868,-1.81594189530706,4.01199378450412,0.0795654922673083,0.61,0.545288746582964
0.488941798107319,-1.03566965902063,2.45273738309924,0.240178332740737,1.02,0.128154827908827
0.794917831523912,-1.60108932717021,3.33298427531493,0.425925812557095,0.71,0.815131481071695
0.483350445493014,-1.82206277527508,3.27046451913997,0.0796694426390923,0.62,0.547888159129644
0.471744641040563,-1.30407376605742,2.847992996391,0.127081112268934,0.95,0.820377323391621
0.327077413521105,-0.701073649071869,2.30726586612309,0.187100618642621,0.9,0.607420058926763
0.540048989209692,-1.98417362237733,4.06157882495632,0.1145211298056,0.729,0.863029399926998
0.374769003480497,-1.05876132841936,2.16822707048248,0.161536889560474,0.77,0.465239147470381
0.535531813791272,-1.81390192796092,3.20466226626638,0.14065187639523,0.86,0.776140903192588
0.452758978301356,-1.70775039033543,2.99522988876412,0.133358445649575,0.626,0.539274715198682
0.513918625894951,-2.14068228134095,3.67269963459483,0.152838809603215,0.77,0.465239147470381
0.53635700761888,-2.05577718426299,4.02874457870282,0.0875898468605163,0.74,0.82172106991003
0.474341610517036,-1.35736512785961,2.56953700101765,0.154351255779804,0.729,0.863029399926998
0.503113746530754,-1.76671026249157,3.31503363176496,0.0610370392243469,0.78,0.371988342285681
0.52771887677337,-1.99381353246182,4.17313314395222,0.081133037574347,0.72,0.861063257774717
0.572909802971648,-2.17205372260884,4.611020615133,0.0394673503373513,0.83,0.483552632460407
0.491475354809693,-1.7654672280575,4.40061925895596,0.163499093820262,0.88,0.763664564389277
0.520631026803745,-1.96799184400576,3.41304232060029,0.209182584838605,0.93,0.971818870490995
0.452225060339486,-1.76952289867132,3.42649205066301,0.141149523212751,0.94,0.920343423592242
0.587291348175059,-1.79574565638546,3.53128620392011,0.135909971108355,0.78,0.371988342285681
0.531457184731987,-2.07112773695589,3.98363974601458,0.174498212085203,0.61,0.545288746582964
0.506132576742395,-2.00055160944327,4.0179823455975,0.261824965657865,0.61,0.545288746582964
0.468711488017927,-1.69495577959779,3.04326097693029,0.159932970292737,0.92,0.991516213113188
0.604999701196517,-1.76516124818121,3.9158486073097,0.134442417386379,0.87,0.769764966913736
0.208989916285491,-1.48096861141424,2.3584857026135,0.117325441426164,0.6,0.547575159546733
0.272244963492721,-1.52089758962955,2.63030276137955,0.0981480347101571,0.61,0.545288746582964
0.432537924607505,-2.23489428907857,4.0531669641131,-0.0139873163875034,0.6,0.547575159546733
0.761686164471953,-1.73088728756431,3.14698927179718,0.350354034759814,0.6,0.547575159546733
0.416053677734128,-1.54144269054387,2.51856116414198,0.0755290628715296,0.9,0.607420058926763
0.546658202564318,-2.48342283077024,4.57795334941218,0.136670435537805,0.671,0.628761561888919
0.422882071790241,-1.24307882807491,2.43235608718823,0.158382220494097,1.07,0.282156038795927
0.458675416557079,-1.69552127439573,3.04075231527783,0.0498791725297407,0.66,0.446124740344437
0.446584209668302,-1.36449477482842,3.32755554062788,0.279524106073731,0.93,0.971818870490995
0.528073862599162,-1.90005381974531,3.31184749768591,0.0691696625100527,1.05,0.228406373526592
0.357931755261579,-1.29168966523207,2.99240628920326,0.117115225176101,0.86,0.776140903192588
0.476259076582285,-1.88099367509331,3.51239927476817,0.165396607891803,0.84,0.646359669315922
0.528836263612888,-1.97876760188192,3.87563375919774,0.166759644845277,0.83,0.483552632460407
0.507443231749883,-1.95751328383129,3.72720854910724,0.0821546279428827,1.07,0.282156038795927
0.481398420571082,-1.05280996439431,2.55462002957563,0.311946453072227,1.04,0.203640019444397
0.537377559505057,-1.7905466478198,3.61974993903413,0.162789019234019,0.6,0.547575159546733
0.566451144960992,-1.52921645383252,3.86259146079704,0.19917407163826,0.71,0.815131481071695
0.556910941250542,-1.61425845215867,3.60446534737702,0.411777249411656,1.101,0.185738307784855
0.759059409491957,-1.39682154022606,2.98386323899235,0.455000102837407,0.6,0.547575159546733
0.438600006402955,-1.71903466764857,3.06397698221417,0.218094444756054,0.84,0.646359669315922
0.398189283083687,-1.57759908754525,2.57905068928973,0.0967252108881524,0.75,0.695706953877829
0.556004680481317,-1.70353703841512,3.64099040787331,0.115947228783009,0.92,0.991516213113188
0.335365819047382,-1.65899994239176,3.20007771556655,0.0409949684131861,0.67,0.616042174895359
0.498815816612576,-1.96167625951383,3.88562826807021,0.0558843160363253,0.64,0.3829641746354
0.481009746804267,-2.01659018619615,3.61994357814826,0.0559489930688426,0.85,0.75635482886508
0.50497039866649,-1.52670838016411,4.04955802089441,0.109007324443555,0.88,0.763664564389277
0.476237963766332,-1.83349117977698,3.04445933418494,0.118423821247402,0.929,0.974061581638071
0.19126973027589,-1.08250959521438,2.38081807680662,0.0722170260496075,0.94,0.920343423592242
0.455684010353958,-1.40704813400754,2.81102370836235,0.16430665700175,0.93,0.971818870490995
0.564174568012628,-1.92214271376276,3.75249640220115,0.208906996976125,1.09,0.221170087151215
0.602328218491074,-1.71223977532194,3.40375117314369,0.151086977140911,0.77,0.465239147470381
0.498653383272263,-1.95304861096973,3.69306581291044,0.112493799519775,0.73,0.862375774453322
0.303300166559208,-0.939188963592337,2.64308889180584,0.163753686126257,1.07,0.282156038795927
0.514094594035095,-1.74176852094998,3.94517132333119,0.118519725131883,0.87,0.769764966913736
0.410259136090975,-1.2368732741127,2.35855455987395,0.127520917180058,1.06,0.258159988824706
0.504837549354766,-1.74653231954601,3.01119639713117,0.124481456198992,0.938,0.936448180057592
0.239937611259594,-1.06086970988955,2.57629155120189,0.0780575309697965,0.8,0.304842242863277
0.278271015245362,-1.44654252133106,2.61866954472164,0.0996609964315008,0.73,0.862375774453322
0.547358179195879,-1.8307574116534,3.45440365485419,0.159396123881293,0.93,0.971818870490995
0.507048282597885,-1.87518357431956,3.547728818558,0.0859406025917712,1.01,0.121105248049311
0.430463911063977,-1.83283683215711,3.26679609903337,0.100312554761827,0.7,0.822190484893515
0.190498070796398,-1.56524351595807,2.35702461819624,0.0914095831022135,0.7,0.822190484893515
0.779335895484083,-1.53220780150544,3.84605085961804,0.450894600834044,0.74,0.82172106991003
0.493134042373397,-1.48769334955812,2.86596588715648,0.226843904503343,0.918,0.994909727867913
0.506620527591487,-1.87532269666564,3.78264253714759,0.0291743974332402,1.09,0.221170087151215
0.529183042508457,-1.93417325334911,3.56144189870079,0.16181946295778,1.06,0.258159988824706
0.202013129087624,-0.860190166349546,1.81716355235873,0.233478270280599,0.96,0.59301078819364
0.623248567532814,-1.87195731399091,4.04608276115244,0.0357368021105135,0.69,0.794169194681158
0.537076170695321,-1.99359189276051,3.41396400835811,0.153046872769389,1.09,0.221170087151215
0.478186789942107,-1.9877310317437,3.64433782031148,0.179091766738993,1.05,0.228406373526592
0.798440250474532,-1.6417885830966,3.35470464071797,0.391797293055605,0.6,0.547575159546733
0.447589320185833,-1.39854538438227,2.46956018532733,0.166807736710582,1.05,0.228406373526592
0.440009703684816,-1.47254408098365,2.57900418522086,0.0729571524934629,0.87,0.769764966913736
0.489322611483555,-1.89408811233978,3.52541212806393,0.1623986359893,0.74,0.82172106991003
0.502762821517359,-1.89524323006371,4.13035236634109,0.0585618113095067,0.63,0.489983722015378
0.502728487133589,-1.87728769400114,3.92658037048492,0.14125038758784,0.75,0.695706953877829
0.548759739737433,-1.86391109077736,3.65682402898444,0.129334360884669,0.67,0.616042174895359
0.519695285317653,-1.87774176041976,4.16646659273535,0.0899332850981938,0.7,0.822190484893515
0.524539394361904,-1.89203124165182,4.42838056259483,0.031337926161465,0.86,0.776140903192588
0.432401794494189,-1.02862801003416,3.47338023961659,0.23531615893037,1.12,0.093129995275812
0.49886038709506,-2.44831604478866,4.80955240463216,0.159538772128326,0.84,0.646359669315922
0.498652251637662,-1.82393805944414,3.53871567305991,0.17778790451049,0.95,0.820377323391621
0.421355976991842,-1.20256844699884,2.36450095679113,0.226735100441475,0.9,0.607420058926763
0.480060775688276,-1.77268113286944,2.88915244586519,0.119274810282103,0.85,0.75635482886508
0.496416810439625,-1.98947584574089,3.15842163208915,0.0744830531540211,0.62,0.547888159129644
0.507040948691292,-1.7713972404978,3.00318510468868,0.541496686125013,1.09,0.221170087151215
0.523441318297153,-1.98748699894293,3.92843604485849,0.0255637506907204,0.75,0.695706953877829
0.513995980060394,-1.9403096651756,3.45410266737793,0.069876231292999,0.71,0.815131481071695
0.493711618836296,-1.79398531100487,3.01087079345914,0.148044791445271,1.04,0.203640019444397
0.816376444650484,-1.81044179050405,3.96407643607133,0.474504588227325,0.6,0.547575159546733
0.448952974466784,-1.27605972564855,2.5755843840458,0.139600527632131,0.74,0.82172106991003
0.517174419123019,-1.90554797203535,4.3860149689666,0.113255910492758,0.74,0.82172106991003
0.48299215560487,-1.50091967987545,3.2649827093592,0.198915536922985,0.797,0.308245987046249
0.819040878414307,-1.70894719638183,3.13169866891481,0.311382269029694,0.79,0.309210050845135
0.417710868930976,-0.780121509370811,2.02022980804835,0.0909365073562135,0.75,0.695706953877829
0.454302538244577,-0.858302348776685,2.61688046937838,0.187080491850048,0.94,0.920343423592242
0.520127602483654,-1.54260177462007,1.69628659760223,0.414745483252832,1.11,0.144423126649965
0.439771410016492,-2.00839025833086,3.71410445366624,0.160911600384274,0.77,0.465239147470381
0.344432792497007,-1.3351698375479,2.54322768693271,0.239640017375091,0.62,0.547888159129644
0.276095053957109,-1.08176375189282,2.64679947181141,0.155400183254087,0.7,0.822190484893515
0.521782216544371,-2.13782731965383,4.22261926595837,0.0402385649945769,0.69,0.794169194681158
0.796027668304184,-1.53434765682117,3.8152011944397,0.216755181533309,0.62,0.547888159129644
0.422852177854554,-1.33373341868913,2.28071922197011,0.131174858907176,0.93,0.971818870490995
0.414003043375188,-1.48083833872037,2.74085038221633,0.149723649819886,1.05,0.228406373526592
0.539152490105425,-2.17622334576132,4.47213636565743,0.145747253555236,0.87,0.769764966913736
0.424768707724624,-1.62091371235774,2.6602778399631,0.1233982190596,0.7,0.822190484893515
0.534014138400585,-2.19003332341429,4.27572584924636,0.0683248864848301,0.68,0.698688438927053
0.45814318302323,-1.72420754857917,3.30879715940344,0.185633444325334,0.79,0.309210050845135
0.512157128575875,-1.67212634227993,2.79682497817483,0.142124816104757,0.8,0.304842242863277
0.434885287158684,-1.54856271280578,2.93227804344727,0.223250930650856,0.891,0.690524873454195
0.372901061389439,-0.780399656976568,1.85261430306776,0.310697079604661,0.87,0.769764966913736
0.262912872937114,-1.10462410943274,2.29707188082686,0.249385029945157,1.05,0.228406373526592
0.529420932413531,-2.01075236620711,3.88359208650139,0.0300221941583167,0.6,0.547575159546733
0.497003229004296,-2.0735559980079,4.04965917694046,0.140465728853572,1.05,0.228406373526592
0.55797347219177,-2.15050758002395,4.03220718758456,0.111579431937789,1.05,0.228406373526592
0.531207959498099,-1.68316834813887,3.86510131732461,0.0787110430839681,0.89,0.701951526087772
0.486304706723693,-1.73183584444588,3.49308355181997,0.076694889559142,0.72,0.861063257774717
0.44144661123621,-1.58302962315048,2.8665601441061,0.162059462010435,0.939,0.928395801824917
0.513213884474177,-1.86220519589585,3.79424998932159,0.204329342695152,0.89,0.701951526087772
0.478161315839676,-1.58421162720943,3.20339212339799,0.194261511520832,1.1,0.191499338530447
0.26397712072384,-1.09008898108233,2.12826368117604,0.296439632036518,1.1,0.191499338530447
0.40167087765776,-1.66360390631138,3.59087720057525,0.137359555893826,0.75,0.695706953877829
0.360068327414353,-1.69037989733641,2.94625936501812,0.129127318976032,1.096,0.214543461512817
0.549383893487974,-1.86215752568072,4.12801321000471,0.195397883345163,0.89,0.701951526087772
0.254532532935423,-1.38695238138173,2.56309806558867,0.106533301744767,0.87,0.769764966913736
0.417146258382839,-1.15128402070445,2.48976063997826,0.105180801621365,0.93,0.971818870490995
0.392903599274818,-1.14115492555739,2.30315884402082,0.19466741092851,0.9,0.607420058926763
0.450140129430933,-1.52121086464273,2.44020829056613,0.168973205602159,0.9,0.607420058926763
0.509012627375336,-1.80381959672823,3.30736517175873,0.121968321617923,0.87,0.769764966913736
0.3433680758748,-0.948611771680701,3.14708850563198,0.213246865855663,0.9,0.607420058926763
0.558802227288905,-2.14079628124459,3.80667607816862,0.0838348423930456,0.68,0.698688438927053
0.549417726422352,-1.6915958010585,3.45697352722128,0.0866200417302146,0.9,0.607420058926763
0.336772009098863,-1.21695791692106,3.35878788762058,0.187883686210485,0.61,0.545288746582964
0.359843640862904,-1.84966195199118,3.57102225959217,0.0703012864526858,0.891,0.690524873454195
0.432443750502923,-1.24273672207813,2.49566763748478,0.180097033162988,0.87,0.769764966913736
0.544451657006034,-2.03547514218035,3.50776236947194,0.18348723889961,0.87,0.769764966913736
0.523584370978939,-1.77243432829779,3.5306107297333,0.240679016610376,0.89,0.701951526087772
0.348939103716194,-1.02795497303733,2.69524182176313,0.19192118352279,0.89,0.701951526087772
0.370024976294193,-0.787512127799213,2.05599576540626,0.143439397041517,0.9,0.607420058926763
0.526538945159167,-1.89008421983662,3.74648593349751,0.196538480934939,0.6,0.547575159546733
0.447686667809155,-2.0704237887827,3.8085166747715,0.101937538452906,0.89,0.701951526087772
0.537204909995058,-2.07573785812041,3.92230392235951,0.22515523968122,0.6,0.547575159546733
0.537937526355777,-1.9988144578595,3.63949503075409,0.0943101880126284,0.93,0.971818870490995
0.469865590211276,-2.01906218273971,4.19905301624698,0.242713261990062,0.91,0.785010927466818
0.477351465398011,-2.04261220208514,3.84510866095419,0.079326475912451,0.88,0.763664564389277
0.413506315563905,-1.91646523511825,3.66973359420171,0.00939819292371337,0.68,0.698688438927053
0.51907662263157,-2.04520288832142,2.93883984442758,0.168394678624314,1.04,0.203640019444397
0.530109710678894,-2.02708804214618,4.028572141898,0.0645522278892741,0.87,0.769764966913736
0.519911438986526,-2.00588237682198,3.64113121220071,0.121090830893259,0.91,0.785010927466818
0.435685024901511,-1.71352733387775,2.81355656548444,0.0660748220518339,0.62,0.547888159129644
0.526328483911477,-1.6113612162304,3.63502072544441,0.326507997551606,0.91,0.785010927466818
0.470491435722804,-1.42876977061124,2.54679050430288,0.133120232092003,0.84,0.646359669315922
0.495096145053032,-1.46460656801781,2.62398238593442,0.161098197258546,0.79,0.309210050845135
0.218462348095438,-1.51655157270049,2.48321113995391,0.0471710490365835,0.62,0.547888159129644
0.511127847180024,-1.88398239492788,3.37327110732541,0.115450973018755,0.92,0.991516213113188
0.501206753969248,-2.11461591571475,3.52545354940586,0.104313841393108,0.84,0.646359669315922
0.429427790244926,-1.68378583391597,3.68375859994614,0.231119048317998,0.87,0.769764966913736
0.549426267884165,-1.75579485488549,2.80435238774875,0.191649190232335,0.9,0.607420058926763
0.440996901649548,-1.87933135875282,3.26825052866323,0.150267496380371,0.94,0.920343423592242
0.512656315318378,-0.741137398817474,1.60718485569312,0.494285186107123,0.76,0.550742988622657
0.351893449502168,-1.38926412270511,3.89299092059552,0.138572483324408,1.09,0.221170087151215
0.477070138233914,-1.33709965930387,2.86618394906406,0.155463691963712,0.893,0.667671568187043
0.450230413028309,-1.35774192738139,2.94808001582597,0.169978802788143,0.86,0.776140903192588
0.554909812361921,-2.02314181286189,3.63933434273881,0.111463117206772,0.92,0.991516213113188
0.537083147963436,-1.71014275623679,3.76165603521428,0.0511238391083816,0.67,0.616042174895359
0.535459056192099,-1.96500076436344,3.8380156716505,0.0491021416428559,0.87,0.769764966913736
0.528481316348943,-1.71078527019269,3.63938629623944,0.127637500348754,0.89,0.701951526087772
0.524961794798513,-1.84764840224845,4.1434757767952,0.186159282027029,0.85,0.75635482886508
0.46034005919793,-2.15532551315994,3.95239285167626,0.0703632106892289,0.9,0.607420058926763
0.402329377149624,-1.51808698921929,3.34271270093187,0.143154981549594,0.726,0.864990276348025
0.823991150650152,-1.84586597753176,3.65791768561787,0.191769063442475,0.61,0.545288746582964
0.295533515500956,-1.260880048181,2.62680146855007,0.110912913737617,0.65,0.338681304747934
0.475062650539192,-1.38561856895224,2.92494290825431,0.138958036554345,0.72,0.861063257774717
0.522325432292307,-1.67843810559634,3.76719013557004,0.302702042708234,0.89,0.701951526087772
0.786814300871007,-1.70327922403994,3.75009124284884,0.186597780841636,0.79,0.309210050845135
0.559408231337091,-1.91850023125356,2.87974603687337,0.219338841802662,0.88,0.763664564389277
0.541090624245465,-0.913532726644329,2.08317433731739,0.392667395167086,0.9,0.607420058926763
0.467431271268417,-1.5877469472066,2.68235554413945,0.0832228890188857,0.69,0.794169194681158
0.377648640406728,-1.45111751113445,2.75592349548584,0.114132604313302,0.89,0.701951526087772
0.219846129487377,-0.838529066341706,2.07879427091576,0.141394105460744,0.914,0.957002185493364
0.578167342159129,-2.25769163647946,4.49114848110354,0.0767445948858853,0.62,0.547888159129644
0.555593633155483,-2.17789401103841,4.31899964368595,0.0979245393256112,0.83,0.483552632460407
0.18798919203761,-0.945023786634019,2.08617188954576,0.0999505899863168,0.88,0.763664564389277
0.502761814340736,-1.6679399521059,3.10212619425386,0.192129965323389,0.88,0.763664564389277
0.259715889866796,-1.76575684579781,2.56109207402146,0.064288793454685,0.89,0.701951526087772
0.418239982511336,-1.22192740421394,2.30754392215566,0.209846198773704,0.92,0.991516213113188
0.569426905915313,-2.21217657198706,4.05285662501144,0.204788914274194,0.84,0.646359669315922
0.554238086372516,-2.26745850981776,4.34674665519028,0.088850419764018,0.91,0.785010927466818
0.480076297977272,-1.6833305296341,3.43400868579389,0.115670184854987,0.92,0.991516213113188
0.379320709142673,-1.41143536634707,4.57121891198889,0.206230251686446,0.91,0.785010927466818
0.252459235828916,-1.89721245591713,2.57613991370888,0.0338029603394103,0.72,0.861063257774717
0.485624652987142,-1.47016147448166,3.26801317417827,0.210943273211332,0.89,0.701951526087772
0.535005118521667,-1.86117655008513,2.8809187385884,0.447907995335908,0.83,0.483552632460407
0.351711303914583,-0.959172599271977,3.2182832879317,0.200367130565435,0.9,0.607420058926763
0.538608664871121,-1.81123613835888,3.97934912075347,0.0883562925900027,0.92,0.991516213113188
0.488700446099602,-1.93486693007829,3.29739967613938,0.120626211059973,0.86,0.776140903192588
0.509722835438509,-1.54630322348872,3.00641644456414,0.163867683970307,0.86,0.776140903192588
0.4422470790097,-1.62086904010832,3.23196624873887,0.0891222174993563,0.87,0.769764966913736
0.45417070244372,-1.73873796376279,3.7136823475804,0.155462156038929,0.92,0.991516213113188
0.499828271292581,-1.72395115742491,3.00169697014688,0.0881891866336521,0.87,0.769764966913736
0.25868863796124,-1.33438940142148,2.51431896446911,0.0900584419635489,0.6,0.547575159546733
0.370410094954545,-1.76261724511234,3.03090506617243,0.087760071870873,0.86,0.776140903192588
0.511291347897136,-2.27992521500615,4.24290623825138,0.0689673776489857,0.71,0.815131481071695
0.453946060226369,-1.75874867623335,3.31480993122717,0.157220763642288,0.72,0.861063257774717
0.463919723096204,-1.31531964663278,2.4797332211297,0.143696909788036,0.99,0.145966249528063
0.509622406815621,-1.69976006618128,4.19003233630469,0.162349930750053,0.727,0.864336650874349
0.301405003912142,-0.807181011565103,2.55200349985574,0.0971519039323039,0.93,0.971818870490995
0.414421000201783,-1.13957035357493,2.56917333217929,0.111978369321045,0.85,0.75635482886508
0.226491117059999,-0.98548575099388,2.47596593504312,0.0810839280642004,0.61,0.545288746582964
0.512621986657327,-1.87826837512093,3.38104096759739,0.0614689926801162,0.838,0.612218158782469
0.521673594201118,-1.84412697653093,3.07780911817011,0.151306262510117,0.69,0.794169194681158
0.468589945510747,-1.91942102083637,3.81473529177227,0.166710080722268,0.936,0.95255293652294
0.32366424036118,-1.23705834374875,2.59952934560859,0.0877540103307155,0.89,0.701951526087772
0.353228375588063,-1.44108351102601,3.18499806746651,0.119137058525031,0.87,0.769764966913736
0.430455983786553,-1.34256801902161,3.43888895725796,0.246272677599241,0.93,0.971818870490995
0.509391879105764,-1.94970643337621,3.57000668236077,0.208278884414344,1.01,0.121105248049311
0.428346060496564,-1.35700067250282,2.47767414884102,0.234412690494329,0.91,0.785010927466818
0.485443576103827,-0.950094799309665,2.53926262963229,0.302908106625397,1.119,0.099734409920139
0.462475037655387,-1.62331778868742,3.03901806958589,0.102953470868306,0.843,0.697571935116102
0.327288484516187,-1.02751218473667,3.20248213422266,0.169327305644905,0.75,0.695706953877829
0.512697003788937,-1.87803281764949,3.6382391951151,0.128371235357077,0.72,0.861063257774717
0.543505925815935,-1.89954734810005,3.68292778046852,0.0930716521154276,0.71,0.815131481071695
0.531168953691086,-1.95306520837841,3.93038953972306,0.0816356916289082,0.88,0.763664564389277
0.531146427366999,-1.95091131812922,3.4028193608689,0.162524385588444,0.87,0.769764966913736
0.575547512521572,-1.71790481527301,3.94024498142334,0.118537946272652,0.92,0.991516213113188
0.457290499386766,-1.6782317571327,2.80637918576897,0.131009536707126,0.94,0.920343423592242
0.287671747832341,-1.00113157223196,2.29542624107682,0.144946966447941,1.098,0.203021400021632
0.418611934056165,-1.36519868370074,2.67343120070342,0.192929808688129,1.07,0.282156038795927
0.554284789132699,-1.86329585471721,4.14851114798768,0.116856067631188,0.73,0.862375774453322
0.487859992121203,-1.9716913756109,3.53202530621171,0.0602224984293676,0.72,0.861063257774717
0.471825858389661,-0.933052530972022,2.72107560520279,0.21926388569809,0.84,0.646359669315922
0.493787695446791,-1.20497864010245,2.6067965040196,0.212275996610279,0.74,0.82172106991003
0.497370358521493,-1.68713243221239,4.07177499019621,0.159309882676903,1.02,0.128154827908827
0.285993113634721,-1.69274781513325,2.62397948540645,0.0479291984016508,0.7,0.822190484893515
0.424465903530183,-1.47473694641343,2.83779394514443,0.204613762502657,0.75,0.695706953877829
0.484048148824935,-1.81294748947175,3.47016603992967,0.117524426021553,0.9,0.607420058926763
0.492991049094021,-1.9224914447093,3.84427828164178,0.0774285106259638,0.86,0.776140903192588
0.439006077162445,-1.79292072784422,3.49185675608731,0.196401648048336,1.06,0.258159988824706
0.415735100921563,-1.40413125319946,2.74129001004921,0.149495813299645,0.86,0.776140903192588
0.266835221531032,-1.55170948020912,2.80594862711529,0.111401409232883,0.72,0.861063257774717
0.498266007912082,-1.99143673322499,3.63247863348852,0.0955955110469638,0.72,0.861063257774717
0.470575645203632,-1.20480070375406,3.1834055656011,0.212799683032261,0.9,0.607420058926763
0.414428035980005,-1.81423285758579,3.20350404228973,0.107363401580818,0.72,0.861063257774717
0.489165396527407,-1.24274822025071,3.18518685504923,0.230067027325444,0.727,0.864336650874349
0.48541998680016,-1.8799472173537,2.91462812662958,0.108672602251825,0.93,0.971818870490995
0.500590685140458,-1.74446247435867,2.97597832910617,0.101042155531071,0.74,0.82172106991003
0.335318419643843,-1.66326695898028,3.1292147015289,0.0672364538525046,0.86,0.776140903192588
0.47587204688865,-1.76943018450895,3.88002914314339,0.0407736934081747,0.91,0.785010927466818
0.524615906271613,-1.59817109058521,2.97321812663211,0.212670787350884,0.94,0.920343423592242
0.509913381477028,-1.70123808061415,3.97662965488838,0.119675759799692,0.88,0.763664564389277
0.544022387685669,-1.69018248814411,4.02698549975458,0.254098268955952,0.89,0.701951526087772
0.32367526025328,-1.04226981285536,2.49821559457529,0.168424488061919,0.93,0.971818870490995
0.515857974692936,-1.91115690423614,3.35292776417706,0.202195205076345,0.656,0.36106834067794
0.51262958570343,-1.89619967897226,4.03982853376521,0.088222111348873,0.88,0.763664564389277
0.490134317764063,-0.955909046311274,2.25485049244917,0.25842344940518,0.75,0.695706953877829
0.499713011375942,-2.07323845939049,4.44749290563368,0.174620902150713,0.74,0.82172106991003
0.507509811026396,-1.67900193773414,3.55937663029325,0.226139151542154,0.88,0.763664564389277
0.510217560596838,-1.98906083500128,3.87083077049022,0.0865487636430015,0.88,0.763664564389277
0.494563887766378,-1.94549981274754,3.83717142024616,0.0669039303597541,0.65,0.338681304747934
0.566777350380975,-2.16914364159464,4.2348250237339,0.0611551753463507,0.91,0.785010927466818
0.252308797509678,-1.48078700710573,2.60842408623094,0.0700284311503817,0.73,0.862375774453322
0.169698624328287,-1.27773004713029,2.21151507995799,0.0892550172431811,0.757,0.584544844461387
0.578070575841737,-1.71043863763404,3.59105266497802,0.327897165444276,0.68,0.698688438927053
0.462018641156229,-1.90903234829177,3.55184625230453,0.129337756127232,1.05,0.228406373526592
0.737944554736045,-0.836953903789675,2.78832747757298,0.986522547502882,0.91,0.785010927466818
0.496367629427968,-1.90817831681053,3.29783383224352,0.136760901221816,0.71,0.815131481071695
0.540446116192478,-1.97498431887014,3.52411678913841,0.117619779336676,0.89,0.701951526087772
0.499737384531186,-1.76385017041245,2.90629670901579,0.131618973843937,0.87,0.769764966913736
0.504573349724187,-2.11017080717339,3.59029002730807,0.215595632902739,0.88,0.763664564389277
0.50361598800351,-1.72941903900547,2.987334888289,0.138256242673434,0.93,0.971818870490995
0.533725376229276,-1.89185814509672,3.48372207855887,0.0969549652512092,0.74,0.82172106991003
0.558510902838783,-2.53404005927052,4.45294988732778,0.184954974643201,1.05,0.228406373526592
0.456542943738809,-1.76289416031916,3.23723823810001,0.139890044276908,0.72,0.861063257774717
0.515009955878544,-1.77350043946654,3.13534825060518,0.102182956003232,0.74,0.82172106991003
0.443985470483586,-1.56431662271781,2.99281998662444,0.154097784625331,0.87,0.769764966913736
0.388287880379387,-1.52537298021422,3.04503756412829,0.106013727402056,0.86,0.776140903192588
0.514490096139383,-1.60984885605805,3.16773235353132,0.125750831519284,1.07,0.282156038795927
0.503656392750141,-2.13864840902411,3.84934041420199,0.0875579754903216,0.67,0.616042174895359
0.472171253323338,-1.8654711557602,3.25092193830207,0.118754001938292,0.897,0.629858981322639
0.439385483633176,-1.48650989270212,2.41815893396151,0.106604207311329,0.98,0.218247048000167
0.48723942985536,-1.90144547456267,3.90819722574665,0.272309295997814,1.12,0.093129995275812
0.490435608174155,-1.19764935122954,2.08910547278112,0.122355884843159,1.03,0.167460665126403
0.295290157171933,-1.80088844935207,2.76103740221694,0.0792034542840919,0.61,0.545288746582964
0.59245911090044,-1.89213915099832,3.76594079391544,0.338622013646428,1.098,0.203021400021632
0.287948189228479,-1.05893190313064,2.38282064209175,0.190763951065325,1.08,0.259360693107915
0.544249675269066,-2.16248491867055,4.38723474396568,0.0553869157503728,0.88,0.763664564389277
0.477191319245979,-1.64211407421421,4.29207334656939,0.226697889519915,0.77,0.465239147470381
0.307502342223268,-1.4816334082862,2.70661252066278,0.132193943891025,0.74,0.82172106991003
0.498685306049299,-0.943337744206848,3.79966016915151,0.328093948678132,0.85,0.75635482886508
0.434885363172764,-1.01188669489092,2.71126108969107,0.206686431302208,0.936,0.95255293652294
0.499602027773104,-0.944739176245241,2.94056184817946,0.301165013573672,0.82,0.388302096758578
0.542838780604078,-2.18416359321252,4.39392026185414,0.0911953612134303,0.71,0.815131481071695
0.366502296831797,-1.77713325634958,3.30042758821981,0.161042866760003,0.79,0.309210050845135
0.523825365525895,-1.99969855566206,3.65401546259759,0.0806719246234083,0.72,0.861063257774717
0.660423614885606,-1.9628919672677,3.3560835162934,0.162341772877767,0.69,0.794169194681158
0.56968752333784,-1.99428991852343,4.4122349143944,0.0692305867843878,0.72,0.861063257774717
0.55778182682733,-2.13190599949406,3.9926842028882,0.0890338854492764,0.87,0.769764966913736
0.543796315998256,-1.88899282749504,3.71255586448255,0.181957187710209,0.93,0.971818870490995
0.545321380482593,-1.91438483519835,3.78468009957697,0.129619586880878,0.72,0.861063257774717
0.357765476257795,-1.65293022018955,2.88860599065533,0.051503101043631,0.89,0.701951526087772
0.518713603900721,-2.13542567911361,3.79505723896875,0.135507793237167,0.7,0.822190484893515
0.542397412945803,-2.14414375791952,3.34899330261208,0.180280478614024,0.96,0.59301078819364
0.563044021326042,-2.23990732549541,4.27005548776749,0.104870913258582,0.83,0.483552632460407
0.408109833126985,-1.21610778158722,2.41386854753289,0.150503520333478,0.94,0.920343423592242
0.502170898644909,-1.87993319870316,3.60277943680073,0.183439212359611,0.61,0.545288746582964
0.366649777530541,-0.983568502161301,2.6586686854647,0.181552191102121,0.75,0.695706953877829
0.734741114727869,-1.48786655054937,2.60790151915268,0.459417932108261,0.7,0.822190484893515
0.468829092318295,-1.11003279867802,2.88505519413767,0.257013456000906,0.93,0.971818870490995
0.525885359068115,-1.80836505022229,3.87135946768589,0.155594270816017,0.7,0.822190484893515
0.572258418157206,-2.09142055609993,3.76000112011421,0.170989138408257,0.72,0.861063257774717
0.525110345071933,-1.9985922512593,4.0081160792955,0.283492601503118,0.67,0.616042174895359
0.286780988386615,-1.22194815292754,2.50236605800504,0.0934005267887348,0.97,0.343567251734156
0.436460185172579,-1.22850604867244,2.29258283433118,0.176033152530945,0.96,0.59301078819364
0.542661233149172,-1.99780673121581,3.13795917174515,0.209642933921718,1.07,0.282156038795927
0.762465928737931,-1.5252381405789,3.19987857505211,0.289493543478647,0.59,0.487592644681106
0.81377498028686,-1.49793233218406,2.50407223507932,0.46373169342219,0.7,0.822190484893515
0.525467350988288,-1.94922596452645,3.94799785433716,0.176688988718052,0.72,0.861063257774717
0.48473040415239,-1.61516360952527,3.31755315418501,0.257443129234351,0.84,0.646359669315922
0.357739449671963,-1.28772071102685,2.93233596467127,0.136568561614206,0.73,0.862375774453322
0.469023559858575,-1.85573646654642,3.65935586942957,0.163537397416447,0.71,0.815131481071695
0.37465664574773,-1.12811942331027,3.23216280486684,0.204618530101067,1.06,0.258159988824706
0.235403918785586,-1.15600389428578,2.30465276219629,0.0653814812429883,0.888,0.724804831354924
0.408660396797426,-1.57027991560054,3.04942288681969,0.123331209410701,0.94,0.920343423592242
0.567108662775448,-2.0980105939003,3.97875854817677,0.0557443283497428,0.71,0.815131481071695
0.500101190268693,-1.41500248747225,3.93079079691104,0.121094710390396,0.93,0.971818870490995
0.284736070997635,-1.05087447483497,2.46921040979177,0.0791803732035042,0.97,0.343567251734156
0.455922815783101,-1.47332557503929,2.60058043321566,0.14606841545669,0.73,0.862375774453322
0.538555846363989,-1.88369889920288,3.6402007086708,0.140326512050334,0.71,0.815131481071695
0.355344207066654,-1.42594649610839,2.71346714938639,0.0935134642624016,0.83,0.483552632460407
0.546246231538937,-1.74664002028547,3.19316388880564,0.130005964258006,0.667,0.577884013914679
0.353218174282167,-0.908194232860474,2.19124589218068,0.196760618256615,1.114,0.129806280127949
0.808722031117943,-2.57290097101006,4.02817171653398,0.184742485257847,0.61,0.545288746582964
0.476013037080358,-1.34390809034337,2.63176242350554,0.13427902631976,0.731,0.861722148979646
0.453373860225399,-1.32048177063222,2.78616121052927,0.0941962227721777,0.697,0.85123656678023
0.515397716081754,-2.1699735723248,3.57720072584061,0.144514578664433,0.61,0.545288746582964
