u.mag,g.mag,r.mag,i.mag,z.mag,redshift,redshift.err,class
18.98457,18.32361,18.3941,18.29573,17.98425,2.382667,0.0001932302,QSO
20.20728,19.69109,19.52522,19.40495,19.36091,2.691162,0.0003248327,QSO
20.62134,19.59963,18.97886,18.5129,18.22396,2.211523,0.0002225747,QSO
21.6742,20.43149,20.30259,20.03483,19.70196,2.672302,0.0003289474,QSO
20.83732,20.47008,20.37494,20.33709,20.14541,2.204407,0.001358715,QSO
20.72933,20.17873,20.20135,20.22727,19.91502,2.382164,0.0007523837,QSO
19.23489,18.48206,18.36417,18.2537,17.98326,2.410913,0.0002432759,QSO
20.25225,19.748,19.65334,19.60035,19.55956,2.224993,0.000638642,QSO
18.55578,18.18345,18.22266,18.38168,18.54762,2.239408,0.0008621022,QSO
21.96496,19.66045,19.46499,19.12691,22.82658,2.243463,0.0003410878,QSO
21.29115,19.92203,19.75503,19.58565,19.09419,2.362019,0.0005595965,QSO
20.22997,19.66685,19.61497,19.5585,19.27706,2.306003,0.0008001283,QSO
22.67041,19.51974,19.23581,19.23177,19.21332,3.127423,0.0003726608,QSO
19.31578,18.88685,18.94055,18.92277,18.75969,2.37554,0.0003161909,QSO
22.52408,20.28012,19.98298,19.81676,19.7026,3.206618,0.0004437895,QSO
23.17908,20.64205,20.28827,19.92455,19.70965,3.115039,0.001009123,QSO
21.12613,19.24356,18.9906,18.85297,18.8003,2.970794,0.0004316996,QSO
23.57763,20.49684,19.31258,18.71462,18.46442,3.096372,0.0002589028,QSO
21.58197,20.1274,19.93818,19.55023,19.36553,2.996634,0.0002396644,QSO
20.05668,18.41753,18.18926,17.95744,17.85176,2.831994,0.0001569784,QSO
19.03408,18.64691,18.73681,18.55931,18.34096,2.200235,0.0001360605,QSO
19.22202,18.24091,18.00745,17.86639,17.63736,2.808491,0.0001587603,QSO
25.31532,19.7644,19.2628,19.02851,19.00571,3.21894,0.0003903019,QSO
19.09769,18.67713,18.50606,18.43954,18.2352,2.201656,0.000423513,QSO
21.30538,19.65738,19.34076,19.29935,19.20588,3.217435,0.0005005726,QSO
23.31828,20.51533,20.16866,20.08993,20.03733,3.249533,0.001262839,QSO
20.11035,18.93025,18.65751,18.5503,18.54671,2.93301,0.0006159797,QSO
21.00668,20.54016,20.24082,20.19652,20.06824,2.38359,0.002077975,QSO
19.48649,18.92154,18.81942,18.83094,18.66856,2.614942,0.0004068566,QSO
21.47511,17.65569,17.12137,17.08416,17.00065,3.424562,0.0001248505,QSO
20.42388,18.60961,18.48889,18.49626,18.40606,3.04513,0.000196545,QSO
19.09774,18.55507,18.40235,18.39639,18.23055,2.492378,0.0004243761,QSO
20.1712,19.23606,19.20714,19.1868,19.03219,2.787112,0.0001700648,QSO
21.85353,20.73464,20.09937,19.65685,19.10788,2.379648,0.001114942,QSO
19.84501,19.22651,18.96046,18.89886,18.68551,2.389035,0.0007325742,QSO
21.39487,18.72661,18.42677,18.38254,18.4192,3.049268,0.0003088074,QSO
22.04652,19.89621,19.63394,19.59379,19.54152,3.017059,0.0008846363,QSO
20.65999,19.19345,19.07117,18.97471,18.87138,3.081639,0.000399728,QSO
19.21612,18.67727,18.75031,18.69239,18.35357,2.296993,0.0002046555,QSO
21.74945,20.51955,19.98914,19.54894,19.19944,2.767985,0.001262043,QSO
19.22251,18.92076,18.87348,18.86448,18.72999,2.247465,0.0006255817,QSO
19.58098,19.23478,19.24549,19.12002,19.18,2.753311,0.000843937,QSO
21.06845,20.33665,20.24611,20.1542,19.9814,2.221201,0.0004520439,QSO
19.89934,19.33865,19.33241,19.26227,19.14619,2.315331,0.000298579,QSO
23.16244,18.83503,18.04358,17.88835,17.75627,3.429735,0.0001608465,QSO
20.05633,19.66667,19.63688,19.60818,19.34229,2.226407,0.0005938307,QSO
19.66714,19.22138,19.08283,19.1109,18.90322,2.232757,0.0006809073,QSO
21.55983,20.45433,19.9455,19.66266,19.2762,2.596543,0.001259683,QSO
20.32786,19.30177,19.04765,18.83566,18.43459,2.431707,0.0002257378,QSO
19.25409,18.67682,18.35251,18.16827,17.91228,2.523684,0.0002333941,QSO
23.12533,21.11848,20.51292,20.13341,19.53913,2.478659,0.0004288868,QSO
18.95129,18.35298,18.00319,17.88153,17.74548,2.288932,0.0004220162,QSO
19.08728,18.54048,18.52371,18.48511,18.29327,2.349289,0.0003544916,QSO
19.21357,18.70749,18.62034,18.56496,18.37781,2.304846,0.0003316837,QSO
20.49452,19.26237,19.11365,19.05963,18.85486,2.884405,0.0002856879,QSO
19.26106,17.75852,17.51884,17.37298,17.15216,2.832395,9.931343e-05,QSO
20.66885,19.85978,19.58413,19.51754,18.97788,2.609293,0.0003153861,QSO
19.10015,18.58965,18.60398,18.45899,18.21316,2.271902,0.0001515065,QSO
21.55186,20.19342,19.81362,19.53309,19.21801,2.822742,0.0003375822,QSO
19.81764,18.84088,18.64588,18.58631,18.37037,2.613248,0.0001467976,QSO
20.0348,19.38115,19.4269,19.18735,18.87677,2.223756,0.0004421529,QSO
20.53434,18.90007,18.67319,18.61382,18.60983,2.960663,0.0002460262,QSO
21.67806,20.30091,20.15747,20.08408,19.63976,2.361839,0.0003203074,QSO
22.02451,19.99964,19.73123,19.67951,19.61489,2.949967,0.0002779452,QSO
19.45379,18.92432,18.89542,18.86598,18.57889,2.312959,0.0001925222,QSO
22.12982,20.24143,19.94336,19.89648,19.83412,2.990767,0.0003894189,QSO
19.50373,19.08993,19.10609,19.16506,18.96128,2.366301,0.0003933691,QSO
20.37214,19.94652,19.87864,19.84475,19.62241,2.253939,0.0005906402,QSO
21.04205,20.25115,20.22046,20.12447,20.17547,2.315006,0.0008921218,QSO
20.59796,20.09201,20.12861,20.03848,19.77003,2.262331,0.0004806916,QSO
21.42775,19.83536,19.60093,19.50768,19.56375,3.224752,0.001636375,QSO
19.01961,18.38108,18.34667,18.36832,18.15322,2.53329,0.0001725673,QSO
23.7594,19.79552,19.16114,18.97192,18.81181,3.394027,0.0002170221,QSO
24.45511,20.75778,20.15398,19.56401,19.12115,2.916404,0.000706538,QSO
22.81344,21.16391,20.52385,20.08412,19.50346,2.778151,0.0005635951,QSO
19.76672,19.09939,18.899,18.90279,18.71286,2.490469,0.0002450043,QSO
22.09748,20.3584,20.12024,20.18017,20.03609,2.928018,0.0001887439,QSO
19.3905,18.86303,18.88282,18.97487,18.78782,2.496748,0.0002550688,QSO
20.72313,20.21453,20.24817,20.16691,19.92963,2.241838,0.0002701603,QSO
19.77432,19.43432,19.36478,19.37141,19.20616,2.230862,0.0004699542,QSO
22.89816,20.53958,20.0805,19.81942,19.74638,2.917986,0.0003437055,QSO
19.50321,18.95278,18.79941,18.54909,18.51163,2.304483,0.0004022353,QSO
22.26664,20.97817,20.58709,20.22658,19.69747,2.460392,0.0004107013,QSO
23.76494,19.50085,18.88053,18.46834,18.27745,3.280246,0.0002557217,QSO
21.25941,19.61577,19.34872,19.16375,19.07431,2.935622,0.0001634892,QSO
21.55878,19.58784,19.42996,19.30201,19.09232,3.025317,0.0002405233,QSO
21.49949,19.48557,19.29412,19.22093,19.0774,2.966944,0.0004998504,QSO
19.38422,18.9615,18.76587,18.74794,18.59948,2.808357,0.0007128423,QSO
19.36606,18.95465,18.86947,18.86953,18.70908,2.297603,0.00065007,QSO
21.01809,19.90899,19.55468,19.14652,18.95356,2.754289,0.0004205244,QSO
19.97227,19.36211,19.22322,19.16594,18.97383,2.249287,0.0005552488,QSO
19.93028,19.40006,19.32868,19.30707,19.04842,2.288086,0.00042568,QSO
19.95512,19.38101,19.26646,18.98964,18.7124,2.227948,0.0001891648,QSO
19.83352,19.28276,19.26051,19.12383,19.03512,2.269612,0.0002124502,QSO
19.93166,19.30665,19.35839,19.23035,19.00787,2.292278,0.000541834,QSO
19.71715,19.11138,18.78679,18.7413,18.57806,2.363262,0.0002376281,QSO
19.69885,19.21836,19.0785,19.05273,18.90327,2.334367,0.0005429814,QSO
22.08748,20.91966,20.37658,19.91814,19.54543,2.352449,0.0008508808,QSO
19.43692,18.88945,18.75317,18.54274,18.346,2.21112,0.000228941,QSO
21.86623,19.45447,19.13381,19.02515,18.95139,3.104018,0.0005194141,QSO
22.02029,21.52257,20.90482,20.4126,19.72353,2.504542,0.0007934372,QSO
21.69331,20.03825,19.75465,19.70864,19.63818,3.139767,0.0003967319,QSO
19.28599,18.73865,18.54519,18.55219,18.43336,2.436579,0.0004021944,QSO
19.96586,19.31112,19.1151,19.03075,18.80128,2.293501,0.0005891476,QSO
22.19158,20.21521,19.69401,19.60051,19.64203,3.398038,0.0004642212,QSO
21.45366,19.80865,19.66532,19.58795,19.40388,2.961977,0.0003964579,QSO
22.208,20.00195,19.69998,19.6251,19.60089,3.229939,0.000490005,QSO
19.6601,19.19165,19.17916,19.12881,18.95245,2.254498,0.0002697908,QSO
21.15967,18.83354,18.65467,18.65959,18.671,3.199029,0.0001408867,QSO
24.36394,18.70486,18.08887,17.97337,17.89105,3.348866,0.0006969223,QSO
19.95408,19.17614,18.71985,18.38555,17.96627,2.236598,0.0002424599,QSO
20.61922,20.2917,20.32914,20.33066,19.97054,2.451782,0.001453171,QSO
21.46297,20.3926,19.93311,19.72705,19.16018,2.399217,0.0007744002,QSO
20.15637,19.74687,19.75904,19.72137,19.74633,2.249576,0.0006343601,QSO
21.39717,19.53263,19.22062,19.21707,19.26089,3.213864,0.0003215714,QSO
19.26723,18.82065,18.69507,18.58177,18.31685,2.22808,0.0002431445,QSO
22.88209,20.93892,20.37517,19.95584,19.28868,2.546086,0.000446826,QSO
19.54827,18.82142,18.60443,18.45105,18.23858,2.623593,0.0003203778,QSO
20.02752,19.32295,19.20451,19.04207,18.74949,2.445235,0.0001051352,QSO
18.96229,18.47089,18.41027,18.22765,17.94499,2.237129,0.0002390624,QSO
20.21831,19.48995,19.47368,19.31375,19.05838,2.342134,0.0001774707,QSO
25.91439,20.09998,19.73928,19.54454,19.5302,3.390846,0.0001291803,QSO
21.97769,19.40484,19.06029,19.12741,19.02248,3.138414,0.0002086063,QSO
19.45519,18.89158,18.85121,18.893,18.6655,2.403858,0.0004119202,QSO
19.63404,19.02309,18.93698,18.82824,18.48131,2.44315,0.0001924342,QSO
21.17421,25.11426,24.80207,24.36167,20.31775,2.544038,0.0005709109,QSO
19.48092,18.93643,18.86575,18.90004,18.75183,2.418205,0.000354876,QSO
19.95768,19.39887,19.18682,18.97269,18.88918,2.703078,0.0003863582,QSO
20.85959,20.30251,20.17197,20.14234,19.84989,2.411132,0.001046254,QSO
22.73493,19.88149,19.63962,19.67823,19.44528,3.153503,0.0004481968,QSO
19.24524,18.74194,18.61379,18.60058,18.39859,2.518641,0.0002267912,QSO
24.87408,20.2869,19.40709,18.82732,18.46783,3.322426,0.001055633,QSO
20.6761,18.94462,18.59714,18.50733,18.26382,2.955297,0.0002734332,QSO
21.45766,19.97567,19.6783,19.68666,19.40438,2.917476,0.0002159141,QSO
20.41087,19.84839,19.73814,19.65346,19.48802,2.368894,0.0004749824,QSO
20.38332,19.57645,19.47242,19.24062,18.9275,2.372638,0.0002037243,QSO
19.76304,19.18036,19.16603,19.08335,18.87658,2.407132,0.0001765577,QSO
23.52074,21.08945,20.29105,20.09628,19.65911,3.266423,0.0005839206,QSO
21.7584,20.48293,19.51383,18.71313,18.38995,2.237138,0.0003362641,QSO
19.83923,19.28584,19.12512,19.06622,18.77645,2.204356,0.000399484,QSO
19.9323,19.31098,19.18209,19.10687,18.93712,2.662731,0.0003137699,QSO
20.35852,19.93594,19.7797,19.75892,19.43616,2.243967,0.0006450689,QSO
21.33389,18.23922,17.92846,17.83317,17.78189,3.20127,0.0001101015,QSO
21.8089,20.09811,19.9267,19.92409,19.87606,3.285906,0.0001898503,QSO
20.88584,18.95805,18.6101,18.5204,18.36606,2.969981,0.0002977625,QSO
19.69094,19.07608,19.03378,18.97007,18.76983,2.370536,0.000245671,QSO
23.74851,21.21779,20.98999,20.42555,20.3801,2.956122,0.0005901091,QSO
21.43769,19.32835,19.09242,19.07844,19.08474,3.129443,0.0002122842,QSO
19.49811,18.83668,18.85849,18.80512,18.56277,2.366824,0.0001404819,QSO
16.72074,16.05711,15.93213,15.82956,15.75058,2.737447,0.0005190815,QSO
20.44729,18.53808,17.91137,17.41663,17.00048,2.389372,0.0002175956,QSO
20.57411,19.90581,19.8185,19.76553,19.54409,2.338194,0.0006088527,QSO
21.18882,20.30765,20.39487,20.65813,20.35993,2.475393,0.0003453747,QSO
18.65655,18.07426,17.88853,17.79896,17.63649,2.558673,0.0001985121,QSO
20.50249,19.48165,19.35363,19.28532,19.1293,2.711712,0.0003509665,QSO
20.22134,19.34699,19.50183,19.44505,19.10464,2.600706,0.0001046614,QSO
20.62523,19.85628,19.73378,19.76879,19.54149,2.651685,0.0005759956,QSO
20.34295,19.84119,19.80588,19.73443,19.59582,2.248061,0.00057478,QSO
20.88355,20.40269,20.12081,20.06531,19.72585,2.225191,0.001044046,QSO
21.85892,20.38119,20.12803,19.70872,19.30721,2.878514,0.001024738,QSO
21.08031,20.25824,20.35729,20.21528,19.84223,2.367916,0.000491458,QSO
19.48006,18.87712,18.70229,18.63197,18.40633,2.585003,0.0002165707,QSO
19.73044,19.09075,19.00236,18.94311,18.67481,2.441395,0.0003205681,QSO
22.30003,19.85631,19.69834,19.63465,19.54348,3.0185,0.0002704528,QSO
19.74036,19.21591,19.16149,19.19594,19.1388,2.639799,0.0003318822,QSO
19.81202,19.00493,18.60843,18.19154,18.07142,2.293919,1.646983e-05,QSO
21.64476,18.53018,18.4511,18.42344,18.37136,3.162004,0.0001032361,QSO
21.75871,19.90599,19.64779,19.55371,19.62526,3.150984,0.0003880606,QSO
20.06757,19.33537,19.22331,19.09362,18.7101,2.292055,0.0004932617,QSO
21.0787,19.48374,19.2179,19.14901,19.05996,3.027501,0.0005955495,QSO
23.37791,21.35954,20.6905,20.1947,19.64839,2.314153,0.0009321037,QSO
20.5851,19.91826,19.72853,19.65464,19.47804,2.545435,0.0005290093,QSO
20.53503,19.89639,19.89713,19.88266,19.69364,2.351024,0.0005528621,QSO
20.81375,20.04642,19.98884,19.86606,19.54384,2.300599,0.0003769511,QSO
21.06239,20.40527,20.33496,20.30979,20.10309,2.566686,0.0007256695,QSO
19.38746,18.78107,18.69764,18.65352,18.32321,2.286423,0.0003305905,QSO
19.37238,18.82707,18.78848,18.78592,18.56212,2.343199,0.0004231598,QSO
22.18332,19.28578,18.80787,18.66769,18.68696,3.279476,0.001001397,QSO
21.29483,20.60555,20.66508,20.51917,20.10476,2.283308,0.0003325931,QSO
20.88906,20.45456,20.4533,20.32847,19.96125,2.247491,0.0004365852,QSO
21.64936,19.60869,22.58961,19.19687,18.58609,3.398576,0.0001798645,QSO
19.58007,18.99276,18.93059,18.8236,18.62502,2.296073,0.000553358,QSO
20.67398,19.59615,19.10466,18.89361,18.53236,2.485708,0.0003832751,QSO
22.22162,21.27082,20.62449,20.11162,19.61359,2.207019,0.0007463783,QSO
19.20335,17.87032,17.64599,17.54994,17.47895,3.287744,0.0001725571,QSO
20.18539,17.97156,17.64944,17.53679,17.47713,3.226717,0.0003947898,QSO
19.4923,19.07128,18.81906,18.66605,18.5529,2.6472,0.0004877631,QSO
19.9742,19.40963,19.30814,19.24812,18.94191,2.275975,0.0005419871,QSO
25.79547,21.47882,20.72448,19.92299,19.88757,2.882798,0.00077017,QSO
18.4327,17.9204,17.95375,17.86876,17.66406,2.339685,0.0001077563,QSO
18.36378,17.91119,17.72164,17.57069,17.38898,2.219761,0.0002757928,QSO
18.64592,18.05965,17.93065,17.87882,17.57493,2.427173,0.0001343694,QSO
20.72582,20.22901,20.22502,20.1928,19.9144,2.260195,0.0004496071,QSO
19.79806,19.22322,19.07632,18.83182,18.53335,2.230372,0.000465628,QSO
21.78181,20.05223,19.57557,19.25037,19.2529,2.884592,0.0002820218,QSO
21.9711,20.64288,20.2239,19.91748,19.40287,2.468752,0.0005305135,QSO
20.82191,19.18558,18.92512,18.63596,18.52565,2.864185,0.0002260543,QSO
25.32799,20.14077,19.38512,19.19052,19.05316,3.463837,0.0003422162,QSO
21.74547,19.70919,19.30569,19.22955,19.19922,3.364491,0.0007263859,QSO
19.75123,19.13489,19.0324,19.00534,18.71454,2.462917,0.0001952601,QSO
19.33262,18.69545,18.50205,18.43425,18.22231,2.461047,0.0003577832,QSO
19.83313,19.12541,18.8813,18.4604,17.73652,2.300275,0.0003625684,QSO
19.4973,18.7004,18.73424,18.68173,18.48838,2.520701,0.000139722,QSO
21.75824,19.862,19.72268,19.70765,19.649,3.082065,0.0001792122,QSO
23.52806,20.83191,20.52637,20.0936,19.92938,3.262631,0.001760318,QSO
19.4001,18.83189,18.69907,18.68509,18.52871,2.245182,0.0003439221,QSO
23.56088,20.11197,19.47129,19.28514,18.90326,3.201397,0.001215606,QSO
19.55625,19.30498,19.40168,19.55689,19.60309,2.24207,0.000597197,QSO
21.08342,20.35974,20.42274,20.39224,20.2047,2.43059,0.001470798,QSO
21.72645,20.80937,20.09628,19.63801,19.21953,2.631598,0.0008785087,QSO
19.85517,19.38406,19.21263,19.13974,18.99208,2.227791,0.0003643694,QSO
19.17193,18.58137,18.3706,18.27307,18.04491,2.246462,0.0006091267,QSO
24.22137,20.77155,19.84583,19.22886,18.67827,3.184664,0.001802627,QSO
19.80959,19.21181,19.18794,19.12532,18.82476,2.540967,0.0002400792,QSO
19.7678,19.02748,18.98107,18.90292,18.62467,2.391469,0.0003023242,QSO
19.88102,19.42296,19.35822,19.33435,19.12937,2.348067,0.0005490579,QSO
19.28413,18.58339,18.46518,18.48064,18.30372,2.478707,0.0004938316,QSO
19.25216,18.73783,18.64521,18.56256,18.35593,2.2035,0.0003551704,QSO
20.16039,19.86169,19.75361,19.59098,19.35746,2.792402,0.0007428761,QSO
20.49302,20.03982,19.74993,19.79194,19.76969,2.497976,0.0002004887,QSO
21.35064,20.38363,20.02808,20.15626,19.85747,2.697806,0.0003061548,QSO
22.04162,20.29372,20.00785,19.96128,19.89273,2.933707,0.0003251981,QSO
21.4201,20.08371,19.19261,18.75483,18.23344,2.260266,0.0008346495,QSO
19.58179,18.33782,18.17471,18.13603,18.12143,2.841014,0.0002625346,QSO
22.531,20.72132,20.34762,20.16664,20.04126,3.071486,0.0005815424,QSO
23.34431,20.72748,20.55289,20.22416,19.84823,2.831414,0.0004931515,QSO
19.65496,19.04762,19.04833,19.0668,18.89879,2.280948,0.0002787484,QSO
22.88247,21.48804,20.70755,20.51233,20.46244,2.336934,5.068929e-05,QSO
21.86596,20.13709,19.91884,19.96347,19.91299,2.985915,0.0002913337,QSO
20.68216,20.13531,20.13754,19.97313,19.66727,2.257598,0.0005432805,QSO
22.64814,19.95069,19.72566,19.69711,19.79284,3.161435,0.0002778085,QSO
20.0378,19.51217,19.39787,19.09746,18.89811,2.264136,0.0001349858,QSO
19.9646,19.24884,19.21302,19.04687,18.825,2.313004,0.0003797851,QSO
20.54135,19.82778,19.19396,19.1787,19.05101,2.501589,0.000353865,QSO
22.11462,20.78278,20.78738,20.67961,19.93841,2.508528,0.0001613318,QSO
21.02518,19.54559,19.20164,19.10118,19.00698,3.059109,0.0006634824,QSO
22.72758,21.58017,20.969,20.53092,19.71326,2.48761,0.001892584,QSO
21.8884,20.60153,20.32283,20.17762,19.6856,2.639905,0.0007259342,QSO
21.41348,19.63275,19.30849,18.85994,18.29202,2.619685,0.0003942664,QSO
21.91933,20.98895,20.63643,19.95285,19.71911,2.208862,0.001095122,QSO
21.39622,20.30991,20.01436,19.86764,19.44384,2.399638,0.0004600256,QSO
21.15126,20.2232,19.67032,19.57432,19.27546,2.396997,0.0004623837,QSO
20.61541,20.17404,20.50296,20.16726,20.10625,2.224853,0.0003147715,QSO
21.66756,19.91273,19.51849,19.22088,18.80919,2.695493,0.0001710741,QSO
20.65423,20.01999,20.13126,20.11394,19.76418,2.379236,0.0003124489,QSO
23.0193,18.77992,18.06129,17.9084,17.78774,3.326056,0.0004837172,QSO
21.90602,21.17097,20.46947,20.00941,19.55097,2.256372,0.001760823,QSO
21.50048,19.77305,19.46434,19.32295,19.20919,2.854658,0.0001468832,QSO
18.55773,18.01678,17.87884,17.79677,17.55951,2.287635,0.0002755397,QSO
19.59266,19.19027,19.10525,19.05558,18.82027,2.20017,0.0002784846,QSO
21.15262,20.49753,20.39803,20.17869,19.75257,2.258321,0.0003899034,QSO
20.4409,19.72106,19.30987,19.1348,18.742,2.52312,0.0006657774,QSO
22.3942,20.55523,19.84138,19.08479,18.71724,2.915032,0.0005978778,QSO
21.89487,19.55779,19.3018,19.37281,19.36315,3.207977,0.000165826,QSO
19.11682,18.54098,18.48338,18.48462,18.27007,2.33886,0.0003348526,QSO
21.82436,20.714,20.57499,20.4183,19.89149,2.618967,0.0010271,QSO
21.16159,19.25126,19.11503,19.05246,18.91506,3.133302,0.0002064486,QSO
20.99253,20.23584,20.09846,20.01058,19.76078,2.655061,0.0005187205,QSO
20.40578,19.1517,18.40948,18.06911,17.61397,2.336281,0.0001076341,QSO
19.70071,18.92776,18.91698,18.85982,18.60355,2.419208,0.0001630634,QSO
23.14967,18.87884,18.27481,18.11612,18.04891,3.38874,0.00056127,QSO
21.50923,20.48381,20.08647,19.9508,19.39984,2.471302,0.0004960404,QSO
20.14839,19.54595,19.32217,19.19772,19.04633,2.411401,0.0005302716,QSO
18.93606,18.41136,18.20622,18.23021,18.09452,2.243285,0.0004800999,QSO
19.41981,18.96768,19.02413,18.82144,18.63201,2.212246,0.0001570565,QSO
21.80178,19.09257,18.64327,18.51389,18.47368,3.22713,0.0007530722,QSO
19.23696,18.61894,18.42008,18.4284,18.21479,2.450515,0.0004330433,QSO
21.14276,20.67507,20.53694,20.33165,19.91365,3.251993,0.0005623846,QSO
20.07776,19.58515,19.29601,19.23516,18.93768,2.260152,0.0006429324,QSO
20.41583,20.12141,20.18377,20.06057,19.65194,2.203416,0.0004459101,QSO
19.44621,18.90721,18.78823,18.71161,18.36735,2.299224,0.0006380061,QSO
21.73798,19.94555,19.73172,19.91686,19.69949,2.986245,0.0004097948,QSO
22.89698,20.48527,20.20033,20.24907,20.04499,3.247634,0.0005256095,QSO
21.15779,20.1787,19.9293,20.15509,20.11722,3.016406,0.000271441,QSO
20.08222,19.37982,19.15975,19.00624,18.6678,2.240248,0.0003251352,QSO
19.48865,19.01814,18.85765,18.6251,18.60766,2.45329,0.0008127849,QSO
19.85705,19.32358,19.15844,19.16454,19.06463,2.274167,0.0002674163,QSO
21.94519,20.77718,20.26457,20.05211,19.58945,2.667693,0.0007217443,QSO
19.34427,18.32042,18.19183,17.96861,17.68027,2.664592,0.0001874012,QSO
23.10957,19.17602,18.64914,18.52905,18.44136,3.312788,0.0004345968,QSO
21.61339,18.76975,18.18677,18.05895,18.02823,3.092296,0.0003520203,QSO
22.79817,21.86417,21.01361,20.62212,19.88958,2.424642,0.0008335016,QSO
21.69098,19.70075,19.37576,19.23237,19.16029,3.338699,0.0002487271,QSO
20.99849,20.40232,20.21769,20.50015,20.40989,2.608956,0.0005703075,QSO
21.78384,20.7098,20.49196,20.11563,19.581,2.311893,0.0003983372,QSO
18.96856,18.30154,18.21264,18.17199,17.94467,2.533844,0.0002664816,QSO
21.09473,19.43908,19.07165,18.96929,18.88174,3.287047,0.000330927,QSO
20.41152,19.407,18.96758,18.57336,18.18133,2.830052,0.0002439969,QSO
19.96174,19.38339,19.25536,19.25713,19.12411,2.634363,0.0008552189,QSO
20.64398,20.37167,20.36021,20.33439,20.09186,2.22565,0.001075785,QSO
20.79388,20.25636,20.25742,20.21121,19.91824,2.426682,0.0009110306,QSO
24.67443,18.65183,18.24694,18.06566,17.99664,3.352543,0.0003681497,QSO
20.2957,19.19759,18.98834,18.69637,18.25683,2.306195,0.000236811,QSO
20.39219,18.64347,18.39246,18.22514,18.01232,3.004218,0.0002521168,QSO
19.82438,19.27708,19.10955,19.04687,18.89223,2.223259,0.0005656665,QSO
19.83276,19.26878,19.10696,19.05191,18.89202,2.541528,0.0005846435,QSO
19.78277,19.24599,19.0804,19.05328,18.79763,2.284681,0.000543052,QSO
17.91627,17.39991,17.22419,17.17938,17.06361,2.348147,0.000306607,QSO
21.05732,19.70518,19.48442,19.46035,19.44102,2.945697,0.0006102495,QSO
18.84565,18.27192,18.22709,18.17978,17.94279,2.400501,0.0003069972,QSO
22.16414,20.28569,19.99252,20.04553,19.95487,2.964394,0.000563704,QSO
25.95607,19.67539,19.87301,19.75682,19.3651,2.319338,0.0003531745,QSO
21.97414,21.22651,20.21656,19.63699,19.14247,2.271473,0.0004475012,QSO
19.16257,18.68176,18.54206,18.58985,18.53089,2.413038,0.0004109395,QSO
19.62238,18.26718,18.11639,18.12608,18.11273,3.169845,0.0001511443,QSO
21.48693,20.63679,19.95861,19.77536,19.41022,2.37792,0.0007359071,QSO
21.69662,20.421,20.19567,20.3231,20.17546,3.050657,0.0004364781,QSO
20.92388,20.38656,20.41951,20.50416,20.32156,2.335031,0.0005617372,QSO
21.02026,19.91188,19.3953,19.12008,18.74687,2.39658,0.0003418257,QSO
20.63728,19.50054,19.09845,18.85899,18.44331,2.562012,0.0002692406,QSO
20.70344,18.5978,18.27992,18.10915,18.07825,3.196486,0.0002412739,QSO
21.65934,19.67243,19.46323,19.38545,19.2028,3.272211,0.0005281825,QSO
18.67006,18.20747,17.85325,17.70906,17.50106,2.280755,0.0005010906,QSO
19.80119,19.29248,19.15177,19.18932,18.99551,2.386942,0.0007483741,QSO
22.24319,20.56435,20.35871,20.56089,20.23351,3.144873,0.0002311024,QSO
21.92921,20.42933,20.32222,20.33218,20.13144,3.003022,0.0005655328,QSO
20.34364,19.64283,19.70861,19.5907,19.28656,2.298521,0.000251962,QSO
20.05923,19.51883,19.32886,19.23549,19.00167,2.625241,0.00064809,QSO
19.64227,19.20457,19.16301,19.14229,19.12406,2.338364,0.0004067518,QSO
22.27655,20.86651,20.42295,19.98167,19.63735,2.62293,0.0006796143,QSO
19.67318,19.28947,19.21789,19.19627,19.04651,2.250514,0.0004289751,QSO
21.52698,19.36722,19.01588,18.83118,18.89609,3.255883,0.0003995002,QSO
18.7878,18.27613,18.15324,18.00551,17.76013,2.225974,0.0002518726,QSO
21.12322,19.24222,18.38855,17.7764,17.29546,2.404754,0.0003564496,QSO
25.42554,20.85231,19.91901,19.66933,19.61075,3.479049,0.0005948508,QSO
23.29511,21.32812,20.43274,20.17379,19.92015,3.053274,0.000564802,QSO
20.66985,20.01612,19.8225,19.66278,19.43338,2.298651,0.001045919,QSO
22.1664,20.93532,20.6406,20.49381,20.10765,2.728314,0.001230125,QSO
20.22245,19.88863,19.80193,19.61993,19.28712,2.205361,0.0003844683,QSO
23.00309,20.74252,20.40099,20.2445,20.30707,3.210652,0.0005982133,QSO
21.73806,18.99879,18.53105,18.35541,18.34819,3.243263,-1,QSO
19.47322,18.75986,18.72115,18.594,18.30842,2.388134,0.0006285599,QSO
21.19373,19.71745,19.05561,18.64665,18.26851,2.663613,0.0005282258,QSO
18.95938,18.15278,17.88673,17.73825,17.41161,2.454623,0.0004006727,QSO
18.92139,18.63134,18.31698,18.24023,18.24814,2.674829,0.0003103265,QSO
21.63227,20.30066,19.53559,19.19477,18.79767,2.265282,0.0003889552,QSO
19.58606,19.01443,18.9642,19.04904,18.81794,2.43318,0.0005030393,QSO
18.98308,18.44928,18.43619,18.3679,18.15483,2.244349,0.0001989186,QSO
19.88852,19.42718,19.31023,19.2079,18.98307,2.217818,0.0004135405,QSO
19.82413,19.28064,19.21378,19.16679,19.02721,2.320818,0.0003340497,QSO
19.55122,19.1551,19.02912,18.9464,18.80226,2.203372,0.0008981082,QSO
20.12851,18.50055,18.14117,18.06606,18.00644,3.34888,0.0003375269,QSO
19.86263,19.25789,19.21095,19.18225,19.09563,2.444069,0.000852621,QSO
19.80061,19.3742,19.21132,19.21503,19.03086,2.26866,0.001200113,QSO
19.3077,18.53468,18.53784,18.39199,18.10522,2.254899,0.0003048545,QSO
23.86615,20.99069,20.37871,19.83663,19.78462,2.985843,0.001052624,QSO
21.69339,20.89635,20.47497,20.27648,19.90899,2.279894,0.0007326956,QSO
25.3579,20.73959,20.81416,20.29027,20.00363,3.176691,0.000389155,QSO
18.57622,18.00501,17.98448,17.94623,17.77447,2.279239,2.145488e-06,QSO
21.54587,19.86642,19.71993,19.64719,19.64686,2.911769,0.000939461,QSO
19.50769,18.81071,18.74008,18.76529,18.57378,2.485953,0.0002974081,QSO
20.09681,19.35696,19.05364,18.96076,18.60769,2.27317,0.0004261654,QSO
19.60645,18.94392,18.81397,18.65558,18.34454,2.59575,0.0002848271,QSO
20.59143,19.42103,19.24416,19.23856,18.9957,2.566863,0.0001855685,QSO
19.92009,19.29957,19.02431,18.89669,18.67821,2.467873,0.0004451012,QSO
20.47461,19.25719,19.07393,18.93644,18.82383,2.815277,0.0002914231,QSO
19.81133,19.0886,19.00026,18.8429,18.51662,2.413287,0.0002492854,QSO
19.81,19.27678,19.17781,19.14171,18.89625,2.486594,0.0002188887,QSO
22.75678,21.41065,21.00289,20.62568,20.04264,2.543283,0.001081045,QSO
20.78281,20.16733,20.0962,19.96803,19.7824,2.294816,0.0007139329,QSO
19.39748,18.67465,18.4939,18.49367,18.10703,2.513758,0.0002840818,QSO
21.4468,19.68246,19.54356,19.45139,19.33168,2.967576,0.0002227017,QSO
21.64554,20.53199,20.30803,20.06167,19.65061,2.604136,0.0005913776,QSO
22.6824,21.21583,20.33983,19.65464,19.23017,3.047233,0.0008557522,QSO
19.0652,18.4517,18.44158,18.34924,18.12119,2.35494,0.0002831852,QSO
20.36654,19.7752,19.16791,19.04779,18.87008,2.302335,0.0005768897,QSO
19.78079,19.16237,19.04988,18.97988,18.93854,2.275846,0.0004520832,QSO
19.80783,19.28984,19.11949,19.01962,18.80086,2.213473,0.0004058025,QSO
24.51441,20.47661,19.96338,19.85515,19.65041,3.285207,0.001192547,QSO
19.26432,18.83963,18.71985,18.67115,18.60021,2.205053,0.000457826,QSO
19.83274,19.39219,19.26727,19.24174,19.12133,2.257972,0.0006010206,QSO
19.69784,19.04981,18.9022,18.91784,18.75347,2.351813,0.000379952,QSO
21.24407,19.50253,19.34869,19.23955,19.12595,2.859873,0.0003652343,QSO
19.40875,19.03016,19.10482,18.99546,18.83195,2.248871,0.0003305447,QSO
22.77117,20.17102,20.10427,20.14018,20.40126,3.225117,0.0001698428,QSO
20.57059,19.16249,18.82818,18.63157,18.62617,2.94093,0.0006694592,QSO
18.88139,18.34525,18.20155,18.19414,17.94005,2.555359,0.0003086955,QSO
18.71486,18.17638,18.07353,18.06691,17.94738,2.354993,0.0004606171,QSO
19.85394,19.09183,18.94092,18.79642,18.59885,2.576277,0.0001948194,QSO
19.5646,18.97494,18.83142,18.78447,18.52926,2.491499,0.0003957223,QSO
20.56613,20.0214,19.95238,19.84079,19.40313,2.424109,0.0004530349,QSO
24.92538,21.34601,20.51792,19.84728,19.51207,3.264285,1.204959,QSO
23.62735,21.47602,20.76694,20.53342,20.07708,2.476322,0.0007744175,QSO
22.13666,20.98303,20.40188,20.07685,19.5476,2.981315,0.0006125203,QSO
19.87513,19.18796,18.99616,18.91513,18.73491,2.234677,0.0004660741,QSO
19.66148,19.3145,19.27193,19.2195,19.06724,2.310088,0.0003293515,QSO
19.56793,19.07359,19.08172,19.02145,18.78005,2.333077,0.0002572204,QSO
19.89828,19.39952,19.19533,18.95229,18.64159,2.25223,0.0005463649,QSO
19.9201,19.33473,19.40725,19.24259,19.04343,2.235509,0.0002780315,QSO
19.78253,19.15537,19.15279,19.09253,18.91479,2.353373,0.0002609044,QSO
20.73943,19.68531,19.41049,19.32925,19.14493,2.831881,0.0006865103,QSO
19.32563,18.70867,18.64911,18.6564,18.39736,2.382629,0.0002710802,QSO
19.2965,18.71123,18.52611,18.51986,18.32917,2.578358,0.0003977306,QSO
18.43725,18.07381,17.92326,17.87062,17.68409,2.2154,0.0002230705,QSO
21.72639,20.86964,20.64944,20.26025,19.70078,2.271136,0.0009913036,QSO
20.56575,19.42622,19.14885,19.06948,18.62376,2.543711,0.0002290379,QSO
19.95827,19.35905,19.31272,19.3292,19.22542,2.415926,0.0006523263,QSO
21.14275,19.66863,19.16389,18.70891,18.24817,2.558532,0.0003610933,QSO
21.56038,20.04316,19.80528,19.82626,19.73414,3.243493,0.0002055412,QSO
18.90663,18.44917,18.2534,18.12107,17.86778,2.981628,0.000261803,QSO
21.61178,20.57138,20.00709,19.6174,19.10653,2.3793,0.0005334031,QSO
22.5411,21.24707,20.40891,19.92333,19.51481,2.735519,0.0005473283,QSO
20.18015,19.54752,19.42173,19.36385,19.13062,2.239617,0.0005179062,QSO
22.65417,21.27628,20.61001,20.13393,19.59422,2.360081,0.0009652503,QSO
20.90783,19.93234,19.4304,19.47233,19.127,2.438038,0.000946679,QSO
21.36828,20.13836,19.6682,19.57981,19.12806,2.562434,0.0005707268,QSO
19.86332,18.70847,18.36592,17.99394,17.6733,2.693552,0.0002709226,QSO
19.52968,19.09458,19.0296,19.10575,19.03665,2.447991,0.0004173241,QSO
19.73252,19.16294,19.12156,19.09199,18.89656,2.285583,0.0003834143,QSO
21.42315,19.91178,19.71328,19.49646,19.25026,3.022776,0.0002625331,QSO
19.0409,18.48429,18.36364,18.3619,18.15294,2.378853,0.0002791979,QSO
20,19.2333,18.96658,18.70869,18.39653,2.322922,0.0003989871,QSO
21.37821,20.64808,20.79942,20.54625,20.23537,2.259635,0.0002589706,QSO
21.03936,20.46069,20.22608,20.31638,20.005,2.399012,0.0006442188,QSO
22.69947,20.86455,20.24499,20.04599,19.79535,3.43242,0.0005670989,QSO
20.82125,20.05037,19.86883,19.85542,19.64672,2.500443,0.0005929062,QSO
19.89876,19.22967,19.18764,19.11484,18.71421,2.506729,0.0004997865,QSO
19.58914,19.01575,18.90871,18.7951,18.5789,2.269637,0.0004712668,QSO
21.95407,18.74769,18.33032,17.67339,17.38958,3.267761,0.000480533,QSO
19.32202,18.53257,18.47565,18.31456,18.07292,2.629645,0.0002137453,QSO
24.01155,20.34588,20.04969,20.03705,19.89787,3.01511,0.0005691657,QSO
24.7966,20.22367,19.53236,19.3053,19.30373,3.267797,0.0004619403,QSO
21.57592,19.29872,18.92781,18.78895,18.76581,3.202173,0.0006946317,QSO
19.78585,19.17687,19.05564,19.0248,18.60989,2.555077,0.0001243895,QSO
19.89452,19.35795,19.32886,19.25326,18.88246,2.324731,0.000368319,QSO
20.55447,19.70047,19.17026,18.80523,18.49763,2.344552,0.0005031718,QSO
21.23392,19.95416,19.56516,19.28692,18.86191,2.595583,0.0003672138,QSO
20.76171,20.21529,20.20905,20.15803,19.95506,2.384967,0.0007678329,QSO
20.63903,20.13616,20.06051,19.93025,19.66448,2.871473,0.001249739,QSO
20.42824,20.02173,19.8951,19.59087,19.64684,2.368482,0.0004129313,QSO
21.70707,20.86453,20.40774,19.97705,19.44806,2.235831,0.0008705193,QSO
20.80127,20.2902,20.19403,20.16081,20.11544,2.284795,0.0005301908,QSO
22.36241,20.57704,20.15805,20.00032,19.90308,3.340103,0.0005970642,QSO
19.08332,18.30305,18.04937,17.97312,17.74831,2.487322,0.0002714996,QSO
19.75824,18.99525,18.95987,18.88799,18.61015,2.398734,0.0004543971,QSO
19.2685,18.47243,18.40078,18.39139,18.17547,2.637358,0.0001501588,QSO
20.56112,19.69548,19.39882,19.25938,19.23858,3.185564,0.0007679844,QSO
19.61477,19.09926,19.10804,19.00169,18.80278,2.299372,0.0002180534,QSO
21.6337,19.6684,19.23147,19.09148,19.06198,3.030152,0.0003661098,QSO
19.55074,19.16445,19.06259,19.11738,18.86713,2.522523,0.0005063638,QSO
21.4946,20.41679,20.39071,20.41551,19.8397,2.351166,0.0006972995,QSO
20.4993,19.06351,18.21445,17.79518,17.66292,2.888962,0.0005215709,QSO
22.65371,21.74032,20.95065,20.36951,19.91653,2.302163,0.0007405752,QSO
22.46292,20.12223,19.85192,19.73371,19.68885,3.020577,0.0004198089,QSO
20.75259,19.29178,19.20936,19.04858,18.89515,2.783345,0.0002489955,QSO
19.75739,19.2353,19.18496,19.12707,18.77886,2.325093,0.0002956273,QSO
19.3865,18.69481,18.39813,18.34611,18.13061,2.556067,0.0003334662,QSO
20.03914,19.26412,19.0513,19.02808,18.66515,2.503208,0.000295303,QSO
19.34342,18.9267,18.70189,18.56861,18.36663,2.200482,0.0003276331,QSO
21.47149,19.20696,18.98882,18.93708,19.00208,3.253738,0.0003687159,QSO
20.51098,19.62519,19.12386,18.91864,18.57497,2.232861,0.00125781,QSO
20.3456,19.83255,19.75505,19.79355,19.61722,2.409312,0.0005467106,QSO
21.08161,19.35323,19.09793,18.88115,18.86186,3.006381,0.0006900464,QSO
19.74942,19.21658,19.14312,19.11097,18.89255,2.292157,0.0003377321,QSO
18.80823,18.33617,18.37383,18.33056,18.13578,2.236533,0.000151282,QSO
19.28602,18.74786,18.58219,18.50513,18.27015,2.243483,0.0003581591,QSO
19.89395,19.17152,19.10653,18.91685,18.80071,2.614329,0.0005674447,QSO
19.08587,18.54993,18.38036,18.35544,18.25924,2.63128,0.0004756882,QSO
19.58945,18.26261,17.99904,17.72455,17.56332,2.92664,0.0002580283,QSO
24.4144,20.51817,20.0328,19.92911,19.83911,3.263062,0.0006892073,QSO
22.83532,20.95047,20.48763,20.31878,20.17479,2.871617,0.0008752077,QSO
22.72828,20.25476,20.10813,19.89764,19.56421,3.103044,0.0004315836,QSO
23.44836,20.72253,20.42882,20.24113,20.35213,3.066288,0.001050628,QSO
21.22606,20.35111,20.2704,20.07233,19.89874,2.740513,0.0004893062,QSO
19.57191,18.99552,18.98985,19.02297,18.77971,2.344578,0.0002503736,QSO
20.12849,19.5406,19.56772,19.27978,18.92576,2.205567,0.0002443172,QSO
22.91298,20.37979,20.12971,20.17123,20.05546,3.004468,0.0004328196,QSO
20.42587,19.21832,18.95973,18.90242,18.72232,2.738951,0.0003688195,QSO
23.42286,21.30149,20.61875,20.23023,19.7241,2.613078,0.000622837,QSO
20.20692,20.13145,19.85688,19.67244,19.55147,3.477478,0.001808737,QSO
18.97583,18.25035,18.08974,17.96836,17.67764,2.546054,0.0007503837,QSO
22.83033,19.63569,19.44609,19.34221,19.31548,3.143315,0.0002160503,QSO
20.32563,19.8888,19.66808,19.48007,19.19656,3.292177,0.0007773993,QSO
21.53694,19.82767,19.63702,19.7234,19.515,3.068276,0.0003114745,QSO
24.94955,20.86604,20.50011,20.25706,20.30393,3.056,0.003123577,QSO
22.08788,18.28826,17.69642,17.63922,17.52832,3.477415,0.0002908685,QSO
19.80392,19.30984,19.20439,18.97371,18.64893,2.231208,0.0003711545,QSO
18.78309,18.37203,18.27417,18.31246,18.17556,2.308345,0.0005519895,QSO
23.3624,20.71296,20.32454,20.22904,20.41998,3.169871,0.0009765474,QSO
23.86472,21.24839,20.54692,20.37436,20.29366,3.397646,0.001283163,QSO
19.28875,18.75742,18.67719,18.51216,18.23264,2.217294,0.0002052552,QSO
20.42177,19.52766,19.3442,19.00547,18.59396,2.254178,0.0003674206,QSO
20.98128,20.38408,20.06586,19.78012,19.42755,2.239284,0.0006422344,QSO
20.09018,19.70281,19.49231,19.49764,19.30615,2.476839,0.001328218,QSO
20.76577,20.07931,19.85727,19.80478,19.56754,2.263146,0.000668709,QSO
20.57531,19.95692,19.67491,19.70658,19.62537,2.243766,0.002003189,QSO
21.09629,20.36971,20.46795,20.40688,20.07491,2.622139,0.0005730158,QSO
25.6357,21.11482,20.57752,20.39347,20.65067,3.202965,0.00137848,QSO
22.13897,20.37537,20.12721,19.64846,19.60519,2.841659,0.0004206233,QSO
24.12765,20.84929,20.5551,20.42094,20.16624,3.055283,0.0005173287,QSO
24.36141,20.91809,20.42216,20.2076,19.93975,3.269509,0.001617717,QSO
20.01958,18.73091,18.45349,18.31067,18.2758,3.047913,0.0002475705,QSO
20.47314,19.94982,19.7801,19.73466,19.55857,2.394207,0.000336235,QSO
21.4121,19.83041,19.55924,19.55789,19.49951,3.132713,0.0008166285,QSO
19.44344,18.78547,18.68473,18.63898,18.28495,2.307055,0.0002123387,QSO
22.11255,20.29549,19.94342,19.8816,20.04087,3.054014,0.0009840358,QSO
20.01455,19.45164,19.12487,19.03336,18.83903,2.39993,0.0005180685,QSO
18.74758,18.13135,18.04376,17.9356,17.66846,2.267401,0.0001777254,QSO
19.31706,18.79608,18.65488,18.66247,18.50414,2.578949,0.0004847147,QSO
19.94391,19.42306,19.27554,19.21942,19.02002,2.410798,0.0007211686,QSO
19.40501,18.10427,18.09704,18.12775,18.21595,0.0006005246,2.033313e-05,STAR
16.95076,16.51067,16.64215,16.81274,17.01157,-0.0002443073,1.780399e-05,STAR
18.68811,18.27849,18.34214,18.47045,18.61139,-6.583336e-05,5.039021e-05,STAR
20.46657,20.06338,20.32423,20.55201,21.10359,-0.0002587513,0.0001898356,STAR
19.27059,18.79577,18.93402,19.10771,19.29378,-0.0002599027,7.338508e-05,STAR
18.3136,16.99695,16.4547,16.19937,16.11457,0.0001605878,9.64798e-06,STAR
20.87824,25.10559,24.81643,25.0267,23.2544,0.000151985,0.000141913,STAR
22.24066,19.18771,17.50924,15.2433,14.03525,-6.372974e-05,3.557372e-05,STAR
18.86763,17.76468,17.57444,17.57103,17.56523,0.0002256552,1.829432e-05,STAR
17.68934,16.59939,16.23433,16.09866,16.05293,1.640591e-05,8.813818e-06,STAR
17.88763,16.69078,16.81689,16.93591,17.00832,0.0004925642,7.709806e-06,STAR
25.61501,25.50066,23.87794,20.48974,18.89127,2.843799e-05,4.08538e-05,STAR
23.35292,21.05859,20.06637,19.69639,18.86231,0.000385456,5.692773e-05,STAR
19.09813,17.83661,17.28741,17.09298,16.98441,0.0003758192,9.830715e-06,STAR
18.39051,17.18037,16.95921,16.86836,16.86576,0.0006633649,1.228166e-05,STAR
16.96531,15.67611,15.70033,15.73568,15.83651,-0.0003828644,5.416867e-06,STAR
17.6573,16.53887,16.14576,15.99873,15.95402,-0.0001019948,9.332035e-06,STAR
18.57768,17.39426,17.00035,16.88044,16.81707,-1.068308e-05,1.049109e-05,STAR
23.82879,23.38734,22.55832,20.64613,19.01117,0.0001377936,4.748072e-05,STAR
21.33381,21.04888,20.6895,20.08974,19.50745,-6.119941e-05,0.000127596,STAR
19.36893,18.96476,19.06293,19.23139,19.35629,0.0001110906,7.460005e-05,STAR
20.36828,18.21359,17.39659,17.11798,17.3827,0.0001784339,8.602095e-06,STAR
19.30377,18.14375,17.68071,17.50907,17.45137,0.0002133724,1.336234e-05,STAR
24.84471,20.75792,19.17888,17.93846,17.2784,6.569824e-05,2.397361e-05,STAR
18.30718,17.03695,16.47322,16.26131,16.15493,0.0002861073,1.017449e-05,STAR
18.90858,17.80221,17.33271,17.1181,17.03661,0.0001012022,1.618991e-05,STAR
19.21144,17.89401,17.31345,17.09048,16.97575,-3.48146e-05,1.007914e-05,STAR
24.63377,21.24224,19.82011,18.33215,17.6139,9.570571e-05,2.460136e-05,STAR
17.92525,16.5552,15.99066,15.78363,15.65566,0.0001260678,8.465737e-06,STAR
22.2616,20.72261,19.12685,18.35394,17.83993,-3.042288e-05,2.108187e-05,STAR
21.91368,19.37367,18.29461,17.82182,17.6018,0.000189626,1.112506e-05,STAR
25.1864,21.4437,20.07783,19.0022,18.50836,0.0002473196,6.311073e-05,STAR
19.66833,17.92234,17.25717,17.05259,16.91332,0.0001764043,9.099656e-06,STAR
18.30443,17.03799,16.79379,16.73142,16.67282,0.0008712676,1.209297e-05,STAR
23.00026,20.32858,18.9949,18.06741,17.47589,7.588381e-05,1.123533e-05,STAR
19.27353,17.99864,17.55277,17.36244,17.32288,0.0002153156,1.160849e-05,STAR
20.02085,18.94365,18.46032,18.26551,18.11797,0.0001916431,4.881094e-05,STAR
18.41703,17.34789,16.97086,16.80682,16.7621,9.516112e-05,1.029388e-05,STAR
22.19767,19.92175,18.7762,18.28527,18.16385,9.049811e-05,1.6405e-05,STAR
22.30912,19.67847,18.23864,17.46437,17.01274,-2.991188e-05,1.68174e-05,STAR
18.10199,17.10438,16.90736,16.85744,16.87422,0.000726165,1.287571e-05,STAR
18.94511,18.0258,17.72928,17.62256,17.58311,-0.0002608659,1.666236e-05,STAR
16.19467,15.0679,14.67186,14.66407,14.53051,-0.0002324317,7.148793e-06,STAR
18.1403,16.86233,16.39181,16.20565,16.07201,8.528106e-05,9.36882e-06,STAR
19.16511,17.96164,17.47144,17.29491,17.18517,9.313188e-05,1.23795e-05,STAR
18.97195,18.04227,17.76186,17.67033,17.6423,0.0005659458,2.491422e-05,STAR
17.25476,16.29276,15.9481,15.83226,15.7791,0.0002400991,8.793561e-06,STAR
19.02575,18.05059,17.67299,17.57721,17.55323,-7.899252e-05,1.475086e-05,STAR
18.5494,17.70168,17.42755,17.3022,17.28387,0.0001450849,2.403288e-05,STAR
17.97104,16.95307,16.87856,16.85552,16.9302,0.0001227134,9.350187e-06,STAR
19.11718,17.91254,17.74482,17.66446,17.69461,0.0005503032,2.491789e-05,STAR
18.63828,18.14047,18.15298,17.82612,17.32057,-0.0003466416,3.782068e-05,STAR
19.9531,18.79084,18.8028,18.89795,18.9186,0.0004692221,3.277545e-05,STAR
17.80285,17.29478,17.34982,17.30921,17.14651,-7.940002e-05,2.11341e-05,STAR
16.22257,15.13976,14.75999,14.62028,14.60724,3.38032e-05,8.359947e-06,STAR
19.65811,18.64584,18.22208,18.09298,18.04106,0.0002617083,1.785585e-05,STAR
18.44808,17.27854,16.83292,16.72679,16.6869,0.0003553487,1.06485e-05,STAR
19.012,17.70736,17.20122,17.00086,16.91088,-0.000254212,1.162973e-05,STAR
19.37011,18.11662,17.59791,17.36776,17.26046,0.0005164634,1.543086e-05,STAR
17.77345,16.9191,16.51673,16.36563,16.28793,0.0002205207,1.029691e-05,STAR
21.29144,18.80031,17.50478,16.98284,16.70052,-4.636661e-05,1.015636e-05,STAR
19.56112,18.53069,18.07694,17.8908,17.82,0.0009279004,2.426415e-05,STAR
17.87527,16.69976,16.27826,16.1407,16.06713,-2.648397e-05,9.109906e-06,STAR
18.57463,17.71417,17.39656,17.32173,17.29555,0.0001187021,1.54658e-05,STAR
18.10467,17.13378,16.79585,16.66134,16.61024,-0.0003797647,2.097856e-05,STAR
19.02003,18.01154,17.94134,17.958,17.99689,0.0005874605,2.277317e-05,STAR
16.57562,15.40951,15.04677,14.90424,14.88081,8.284297e-05,1.025531e-05,STAR
18.55747,18.17215,18.19806,18.33339,18.51902,-6.738894e-05,4.831864e-05,STAR
19.8534,18.37805,17.78915,17.60334,17.46931,-5.877444e-05,1.119447e-05,STAR
21.57719,19.61119,18.62777,18.34543,18.19765,0.0004542874,4.801637e-05,STAR
18.53161,17.39047,16.97974,16.83079,16.78391,0.0002269064,1.081366e-05,STAR
19.00893,17.857,17.73834,17.67373,17.6989,0.0003349819,1.295428e-05,STAR
17.53489,16.56712,16.48704,16.51312,16.56056,-0.0003780571,9.377089e-06,STAR
19.89781,18.93836,18.66276,18.54872,18.59385,0.0006131929,5.520246e-05,STAR
20.02291,19.04099,18.92536,18.91047,18.97701,0.0005146778,8.141204e-05,STAR
16.79157,15.4883,14.95057,14.69978,14.6059,0.0008376488,9.413961e-06,STAR
17.41888,16.35192,15.98787,15.87527,15.86699,-9.939216e-05,9.847375e-06,STAR
17.952,16.78304,16.84871,16.9185,17.01814,0.000235872,8.958062e-06,STAR
17.5673,16.54554,16.19628,16.06209,16.02136,0.0004510147,9.45867e-06,STAR
20.12331,18.89873,18.96508,19.08906,19.14223,8.280142e-05,3.351808e-05,STAR
24.82991,21.44176,19.50583,18.23957,17.51827,0.0002535718,1.496049e-05,STAR
19.676,19.2343,19.43356,19.68765,19.90263,0.00027118,9.358711e-05,STAR
19.86291,18.7059,18.88208,19.07156,19.20552,6.266798e-05,2.594657e-05,STAR
18.2245,17.20267,16.84266,16.70645,16.63646,0.0001217342,1.294288e-05,STAR
18.48185,18.07594,18.19144,18.32896,18.51424,1.120877e-06,3.827826e-05,STAR
24.47659,25.61063,22.92752,20.7659,18.52873,1.006899e-05,1.318155e-05,STAR
19.65681,18.44556,18.59921,18.68569,18.8273,0.0006853736,2.455074e-05,STAR
17.98146,16.77431,16.58365,16.64907,16.494,0.0006851788,1.184261e-05,STAR
17.76234,16.51863,16.64846,16.78553,16.86384,-0.0009121475,7.023684e-06,STAR
19.00396,18.02048,17.82713,17.77986,17.77073,-0.0004264454,2.245799e-05,STAR
25.3455,22.96725,21.21718,18.3587,16.70045,4.175442e-05,2.216642e-05,STAR
20.75595,19.48065,19.58095,19.74648,19.6926,1.931538e-05,5.557124e-05,STAR
17.43431,16.28185,16.35721,16.46584,16.54112,-0.0001177948,7.427133e-06,STAR
17.60034,16.43408,15.98096,15.82846,15.7533,-0.0001601786,9.649832e-06,STAR
20.76507,19.46855,19.60518,19.77019,19.91968,3.03158e-05,6.146257e-05,STAR
18.72912,17.41073,17.54755,17.63797,17.75067,0.0003932155,1.289326e-05,STAR
20.07905,19.11234,18.97065,18.90831,18.94875,-9.03668e-05,4.621728e-05,STAR
18.95494,17.72087,17.71092,17.76215,17.78098,0.0003494134,2.198346e-05,STAR
18.73878,16.74738,15.96215,15.67979,15.55538,5.265658e-05,7.184291e-06,STAR
16.73716,15.47637,15.48897,15.48805,15.52227,-0.0001686096,5.835042e-06,STAR
19.71853,19.33803,19.61309,19.84013,20.19647,0.0001342912,0.0001351557,STAR
20.43254,20.3604,20.70778,21.11388,21.11189,0.0003374637,0.0003077433,STAR
20.23197,19.73999,19.93699,20.06564,20.33448,2.208539e-05,0.0001750125,STAR
20.512,19.3315,19.44833,19.62097,19.75952,0.0005604127,4.115745e-05,STAR
18.71802,17.9121,17.5847,17.44857,17.3923,1.236766e-05,2.560077e-05,STAR
20.35613,19.31113,19.29578,19.37531,19.46128,-0.0003171152,7.901641e-05,STAR
20.22864,19.29875,19.26267,19.30765,19.39147,0.0008316535,7.150127e-05,STAR
20.07817,19.10998,18.95788,18.94592,18.95484,0.0006278567,7.548143e-05,STAR
19.41407,18.40067,18.25726,18.19205,18.19572,0.0005691266,3.66755e-05,STAR
18.63638,17.58917,17.26604,17.15769,17.13503,6.59783e-05,1.44875e-05,STAR
16.54544,15.31752,15.52018,15.66668,15.719,0.0006059481,5.143871e-06,STAR
19.37689,18.96271,19.17317,19.37223,19.51829,0.0001679244,9.575431e-05,STAR
19.70379,18.58816,18.7782,18.94789,19.0096,-0.0002998669,3.629035e-05,STAR
19.24698,18.05282,17.49989,17.3099,17.20218,0.0001821459,1.375904e-05,STAR
17.93831,16.95646,16.80236,16.80332,16.8134,0.0001871139,1.230118e-05,STAR
19.83502,18.6171,18.75785,18.84196,19.01546,0.000771918,2.938248e-05,STAR
20.2001,19.32158,19.14087,19.03521,18.95481,-0.0003426528,9.04842e-05,STAR
17.26707,16.27278,15.92744,15.79452,15.75337,0.0001613979,8.35639e-06,STAR
17.33222,16.11625,15.69315,15.52471,15.4523,-3.545724e-05,7.891188e-06,STAR
20.29258,19.83893,19.88974,20.05617,20.20486,-0.0004058222,0.0001595817,STAR
20.3891,19.28172,19.32444,19.39051,19.41204,0.0001322459,6.26831e-05,STAR
22.51521,20.34983,19.49108,19.57565,18.9083,-5.500568e-05,2.609517e-05,STAR
18.69247,17.63453,17.61037,17.62006,17.69097,0.0004200723,1.445831e-05,STAR
21.69761,19.62951,18.36708,17.34378,16.78811,1.165554e-05,1.42897e-05,STAR
17.11367,16.15894,15.8514,15.70498,15.65921,0.0009841979,1.042445e-05,STAR
16.76323,15.54075,15.05652,14.88043,14.82938,-0.0003228984,8.500338e-06,STAR
18.78329,17.8319,17.48626,17.76023,17.29767,-0.0002969076,1.501819e-05,STAR
19.24659,18.03515,17.6041,17.437,17.41626,0.0001114514,1.242255e-05,STAR
18.69666,17.6978,17.57743,17.5903,17.64193,-4.253162e-06,1.686092e-05,STAR
21.0169,18.58927,17.52318,17.14003,16.90405,0.0001670518,1.106624e-05,STAR
17.04199,15.9123,15.54611,15.40801,15.40021,9.708016e-06,8.369413e-06,STAR
19.23799,18.08889,17.62004,17.46752,17.37957,2.830969e-05,1.306632e-05,STAR
19.03366,17.85306,17.41576,17.24541,17.19734,-6.790568e-05,1.295277e-05,STAR
17.58817,16.4874,16.04678,15.88605,15.8497,0.0001799836,9.151478e-06,STAR
23.88753,21.98532,20.65646,20.00259,19.55826,0.0001409231,9.573527e-05,STAR
18.22762,17.19797,16.78441,16.61509,16.56046,-0.0001231572,1.135134e-05,STAR
16.78314,15.84231,15.58003,15.45846,15.43344,0.0003418917,9.76423e-06,STAR
18.77778,18.33618,18.50405,18.66533,18.86438,-0.0001607864,4.34389e-05,STAR
19.2481,18.04719,17.49524,17.28215,17.20138,0.0001296632,1.380661e-05,STAR
16.97457,15.76403,15.33379,15.16183,15.11516,3.002865e-05,8.400864e-06,STAR
19.02802,17.93951,17.7252,17.71313,17.70609,-0.0004770985,1.788473e-05,STAR
17.38826,16.24028,15.81762,15.66513,15.61215,0.0001275308,9.035854e-06,STAR
18.75693,17.51668,17.38619,17.37687,17.35603,6.180265e-05,1.34626e-05,STAR
20.63293,19.24159,18.68936,18.40827,18.3344,0.0002213758,2.01605e-05,STAR
22.05696,19.5831,18.12128,17.74871,17.44046,2.682801e-05,1.127062e-05,STAR
18.67422,18.26177,18.31935,18.39625,18.55419,5.136375e-05,4.067179e-05,STAR
20.03661,18.93334,18.72684,18.69449,18.6818,0.0008977249,4.964263e-05,STAR
17.0694,16.02043,15.61708,15.48805,15.45358,0.0003312605,1.056796e-05,STAR
20.0535,19.08363,18.79315,18.72997,18.74501,0.0001449704,4.698208e-05,STAR
18.80713,17.79015,17.48219,17.13342,17.29587,0.0004809483,1.269315e-05,STAR
22.51371,20.52445,19.05678,18.09808,17.53902,7.556431e-06,1.636159e-05,STAR
24.07009,21.02486,19.55295,18.68813,18.21891,0.0001262136,3.479387e-05,STAR
21.20418,19.13035,18.17317,17.77162,17.53323,-6.0619e-05,1.29338e-05,STAR
17.06058,16.15749,15.76703,15.62506,15.58885,0.0001447284,8.025675e-06,STAR
18.94051,17.79138,17.36691,17.19686,17.13029,0.0002337807,1.052845e-05,STAR
21.15084,18.77437,17.3934,16.42905,15.86189,0.0001035498,9.016814e-06,STAR
23.84539,21.91829,19.92646,19.13645,18.69428,0.0003024576,3.344626e-05,STAR
18.28083,17.00366,16.81819,16.78367,16.80276,0.0004078264,9.257575e-06,STAR
18.46112,17.35177,17.18455,17.17692,17.1704,0.0008202082,1.328931e-05,STAR
21.34935,19.12045,17.88143,17.27502,16.8605,-8.610135e-06,1.133742e-05,STAR
19.52831,18.30287,18.28388,18.3263,18.27835,0.0006427304,1.692866e-05,STAR
18.36561,17.15727,16.68746,16.50109,16.43805,0.0002063148,9.308849e-06,STAR
18.73444,17.83953,17.54293,17.40084,17.36339,0.0004877588,2.354311e-05,STAR
20.26701,19.30393,19.17076,19.18576,19.26126,-0.0003726894,9.854483e-05,STAR
18.73765,17.82358,17.49055,17.394,17.379,-4.646723e-05,1.716543e-05,STAR
16.79562,15.65611,15.77607,15.90104,16.00818,0.0005186099,5.764583e-06,STAR
20.02473,18.92909,18.92546,19.05607,19.12843,0.0006015539,4.650153e-05,STAR
16.60268,15.34053,15.41666,15.52524,15.57152,-0.0008338468,4.646632e-06,STAR
19.3421,18.41314,18.2314,18.21758,18.26231,-2.768553e-06,3.625554e-05,STAR
16.31384,15.23846,15.20493,15.22035,15.29832,0.0001123596,5.532982e-06,STAR
18.44411,17.49785,17.21158,17.09322,17.10123,0.0003972745,1.522037e-05,STAR
17.74412,16.54639,16.70496,16.842,16.95576,0.001008813,7.258327e-06,STAR
17.65338,16.62835,16.57737,16.65401,16.72798,-0.0001936138,8.231352e-06,STAR
18.61924,17.6562,17.29105,17.14874,17.11648,0.0001331698,1.192113e-05,STAR
19.5823,18.43453,18.47322,18.48586,18.44044,0.0001233216,3.991819e-05,STAR
17.45606,16.31542,16.4768,16.62211,16.72098,0.0007576031,7.039205e-06,STAR
20.04808,19.01253,18.93059,18.94173,18.98915,0.0001690611,4.463875e-05,STAR
21.62027,19.67324,18.90081,18.64799,18.54925,0.0001785334,1.629897e-05,STAR
18.58666,17.78215,17.51399,17.72402,17.40114,9.043571e-05,2.622293e-05,STAR
20.58564,19.26787,19.47864,19.68215,19.83188,0.0001140304,5.529236e-05,STAR
18.33889,17.15707,17.38866,17.54615,17.67031,0.0003879221,9.479028e-06,STAR
20.60504,19.46699,19.60248,19.63868,19.70267,0.0003921259,6.197117e-05,STAR
17.18218,15.93642,15.47298,15.28821,15.22266,6.488022e-05,8.675009e-06,STAR
18.27269,17.09994,16.91879,16.8693,16.90503,-9.652469e-05,1.644307e-05,STAR
17.41326,16.29079,15.86198,15.67746,15.59666,-1.338295e-05,8.897851e-06,STAR
17.62576,16.68499,16.34892,16.20021,16.17029,-9.164128e-05,9.274117e-06,STAR
19.53362,18.38272,18.40753,18.45961,18.51861,-0.0001362125,2.425516e-05,STAR
18.49113,17.56138,17.28782,17.14906,17.16959,0.0003957355,1.293267e-05,STAR
18.09111,17.12782,16.83698,16.69783,16.64751,1.981362e-05,1.200849e-05,STAR
19.75262,19.80223,20.32817,20.6293,20.10229,0.0001182329,0.0001420298,STAR
18.91668,17.7609,17.77074,17.82499,17.91411,-0.0004194255,1.544901e-05,STAR
17.18059,16.04066,15.62128,15.47083,15.40232,-5.450741e-05,1.044957e-05,STAR
20.22542,19.33999,19.18148,19.18574,19.17098,9.782914e-05,6.35224e-05,STAR
20.17193,18.97731,18.78591,18.70053,18.63291,6.272751e-05,3.936028e-05,STAR
16.55851,15.44157,14.98274,14.81856,14.75962,0.0002231223,7.981149e-06,STAR
18.69189,17.52593,17.14123,16.99385,16.97007,-0.0002390416,1.110084e-05,STAR
18.3604,17.95893,18.07655,18.21336,18.45602,-5.440615e-05,3.44852e-05,STAR
17.56974,15.31516,14.42899,14.131,13.97501,-6.791623e-05,7.066427e-06,STAR
18.35313,17.32799,16.95621,16.82037,16.7442,5.262186e-05,1.199095e-05,STAR
20.63654,18.9748,18.30485,18.04102,17.89981,-6.596607e-05,1.163897e-05,STAR
17.05976,15.1672,14.46402,14.18132,14.02761,-0.0001186891,1.02212e-05,STAR
19.18076,18.14585,17.98386,17.90093,17.91421,-2.544977e-05,2.863018e-05,STAR
19.39086,18.39271,17.87147,17.77375,17.62038,-8.928933e-05,7.944664e-06,STAR
18.83404,17.70072,17.3082,17.14679,17.05963,-6.342371e-05,1.353376e-05,STAR
20.64931,18.02393,16.66689,15.77526,15.26014,-0.0001392436,8.866704e-06,STAR
20.03612,18.86938,18.39108,18.23215,18.10742,0.0008579766,3.28043e-05,STAR
20.42445,19.18474,18.91173,18.82557,18.70238,0.0001598095,4.173862e-05,STAR
17.62697,16.5508,16.20497,16.06281,16.05098,-7.902588e-05,9.988389e-06,STAR
18.25606,17.07746,16.94644,16.92339,16.9486,0.0004530442,1.092347e-05,STAR
17.54254,16.45645,16.14308,15.93573,15.90862,-0.0001316473,9.586967e-06,STAR
18.97607,17.98928,17.63879,17.52722,17.49242,9.138618e-05,1.795275e-05,STAR
20.78826,19.37004,18.83953,18.8992,18.56327,0.0006323549,4.548506e-05,STAR
19.07437,17.85083,17.36364,17.18976,17.13448,0.0002075719,1.023151e-05,STAR
19.26635,17.16443,16.26453,15.8975,15.76437,-6.055953e-05,8.423012e-06,STAR
18.06704,16.97013,16.54925,16.41759,16.33213,0.0002053882,8.209177e-06,STAR
20.51645,19.46206,19.4136,19.46407,19.44211,-0.0002779104,5.23898e-05,STAR
20.26849,18.81061,18.14589,17.8737,18.08907,0.000249916,1.462052e-05,STAR
19.86764,18.84005,18.90373,18.9368,19.03128,0.0001094757,3.230296e-05,STAR
16.72834,15.60131,15.24854,15.10703,15.09098,-7.69866e-05,7.504418e-06,STAR
20.32912,19.41815,19.27577,19.25227,19.28452,-0.0004937263,5.762352e-05,STAR
19.67789,18.42533,18.66875,18.69303,18.7002,-0.0003799782,3.006925e-05,STAR
19.3857,18.14638,17.66859,17.48333,17.38946,6.526825e-05,1.022216e-05,STAR
17.21135,15.90956,15.4455,15.2384,15.17031,0.0004765458,8.737112e-06,STAR
19.05933,18.09655,18.00476,17.99543,18.0472,-0.0005592915,1.838338e-05,STAR
17.41656,16.31075,16.02008,15.92503,15.90038,-0.0002165919,8.680139e-06,STAR
18.72389,17.83699,17.5664,17.46843,17.42865,0.0004406279,2.48575e-05,STAR
18.70189,17.4828,17.12301,16.9868,16.93283,-0.000242388,1.04866e-05,STAR
18.55926,18.10901,18.04258,18.03608,18.14461,8.08619e-05,4.417611e-05,STAR
20.14791,18.98473,19.00869,19.1228,19.1146,-0.0005699341,3.136291e-05,STAR
20.73205,19.68247,19.26629,19.06913,19.05213,0.0004729004,3.536187e-05,STAR
18.88654,17.7676,17.90616,18.04126,18.1181,-0.0005253587,1.109587e-05,STAR
17.95479,16.81992,16.91961,17.00723,17.05859,-0.0006268431,6.934205e-06,STAR
20.45929,19.16862,19.30521,19.36885,19.60529,0.0001115615,3.084336e-05,STAR
17.47682,16.33001,16.38825,16.48785,16.57543,0.0002365383,5.593841e-06,STAR
22.07318,20.90898,20.05012,19.47459,19.0291,0.0004047286,5.733526e-05,STAR
20.45992,19.54378,19.75596,19.92719,20.14801,8.651422e-05,4.891036e-05,STAR
20.32558,19.08913,18.47069,18.53185,18.14682,0.0003650275,1.798239e-05,STAR
19.09389,18.2261,18.02206,17.97873,17.96899,7.586159e-05,2.940801e-05,STAR
18.81858,17.61907,17.12546,16.97818,16.95994,-1.0237e-05,8.614135e-06,STAR
22.09489,21.6419,19.81089,18.67013,17.78106,0.0001282093,1.929421e-05,STAR
20.62936,19.54604,19.32875,19.05953,18.87223,0.0001444915,3.333999e-05,STAR
18.95502,17.86927,18.06199,18.2083,18.39833,0.001153563,1.350274e-05,STAR
20.30511,18.98631,19.09833,19.22417,19.31438,1.637404e-05,2.894823e-05,STAR
20.37243,19.46342,19.26161,19.16154,19.13202,-5.558312e-05,7.30228e-05,STAR
18.86725,17.73779,17.77645,17.84665,17.91205,-0.0003578933,1.259815e-05,STAR
17.939,17.00559,16.74944,16.68709,16.687,-0.000588915,1.274374e-05,STAR
17.02856,16.15892,16.02598,16.02873,16.06921,-0.0003830112,7.407721e-06,STAR
19.80459,18.68108,18.98522,19.26435,19.29475,-0.0003709309,2.714133e-05,STAR
20.42845,19.2317,18.94287,18.83286,18.79319,-0.0001001269,2.388101e-05,STAR
18.4747,17.31451,16.89219,16.70519,16.7143,3.619499e-05,9.043802e-06,STAR
20.16422,19.0301,19.1484,19.24637,19.29255,-2.619549e-05,3.086907e-05,STAR
19.73331,18.58751,18.57175,18.55944,18.63528,-0.0006019981,2.438136e-05,STAR
20.49962,19.55618,19.29867,19.26017,19.22346,5.164485e-06,7.194452e-05,STAR
20.08659,19.13163,19.03398,18.98715,19.0805,0.0006642948,5.041525e-05,STAR
20.13825,19.13815,18.84077,18.75063,18.68299,7.958156e-05,3.522148e-05,STAR
19.65492,18.55447,18.3724,18.31949,18.30437,0.0002772736,2.639807e-05,STAR
17.15005,15.88152,16.01217,16.12917,16.21738,0.0002375908,4.689766e-06,STAR
19.97403,19.14597,18.91225,18.82424,18.72059,-0.0006879056,6.169337e-05,STAR
24.48373,24.52095,23.12123,20.32383,18.82016,3.227572e-05,6.516636e-05,STAR
19.77501,19.23494,19.3406,19.52073,19.74118,-0.0003570361,6.80315e-05,STAR
17.4765,16.17723,15.65946,15.45759,15.34161,0.0001911218,7.24457e-06,STAR
20.12747,18.97709,18.88397,18.88681,19.04703,0.0006273192,3.5675e-05,STAR
19.96689,18.72651,18.61279,18.61612,18.57784,-0.0001315162,5.82064e-05,STAR
18.69884,17.6928,17.60531,17.61505,17.62944,0.0001880947,1.813786e-05,STAR
20.5168,18.84733,18.1556,17.8715,17.737,5.43005e-05,1.150085e-05,STAR
19.41564,18.39482,18.27527,18.24867,18.26199,0.000859628,2.452921e-05,STAR
17.77949,16.50081,15.98185,15.85172,15.76068,-0.0002568197,8.494755e-06,STAR
22.32174,20.34695,18.99957,18.166,17.62306,5.667837e-05,1.924085e-05,STAR
17.3316,16.08912,15.62996,15.48339,15.39569,-2.001234e-05,8.918933e-06,STAR
20.61584,18.15185,17.13708,16.73632,16.49363,0.0001508955,9.417749e-06,STAR
19.08326,18.00506,17.99567,18.08859,18.16239,0.0002990527,1.845946e-05,STAR
20.16601,19.38376,19.09905,19.00058,18.92029,0.0005377822,8.040082e-05,STAR
24.34864,23.67571,22.17043,19.3201,17.71004,-8.77304e-05,3.748653e-05,STAR
19.87958,18.73903,18.48943,18.37829,18.37304,-0.0001612356,6.927182e-05,STAR
21.60533,18.99967,17.59176,16.89683,16.49142,-4.781681e-05,1.084301e-05,STAR
19.37546,18.28308,17.87912,17.74922,17.73365,0.0003616003,2.040306e-05,STAR
19.87072,18.8352,18.39765,17.88137,17.34775,-0.0001030386,5.303322e-05,STAR
17.78569,17.42936,17.49711,17.59514,17.72713,-7.350708e-05,2.636157e-05,STAR
18.77491,17.58621,17.17273,17.09519,16.98397,-0.0001869747,1.057213e-05,STAR
18.48098,17.27171,17.09552,17.07446,17.09055,0.0006417328,1.370922e-05,STAR
17.45884,16.3589,15.94823,15.80447,15.76723,-0.000145564,1.082687e-05,STAR
18.7043,17.50829,17.40354,17.42314,17.44151,-0.0008804476,1.123608e-05,STAR
20.31789,19.30538,19.22513,19.2194,19.35466,-0.0005380129,5.330581e-05,STAR
19.17505,18.16821,18.0563,18.02755,18.08871,-0.0003654212,2.405064e-05,STAR
17.67391,16.58567,16.50533,16.56861,16.62511,0.0001397503,7.594683e-06,STAR
18.93392,17.55845,17.86309,16.81845,16.73532,-1.212459e-05,8.466294e-06,STAR
20.49308,19.22914,18.97612,18.88377,18.88457,4.449054e-05,3.490979e-05,STAR
18.41607,17.48955,17.26465,17.1396,17.13477,-0.00022828,2.179585e-05,STAR
18.19514,16.96813,16.53609,16.40213,16.31729,-3.675487e-05,9.549663e-06,STAR
18.54524,17.43889,16.97164,16.76443,16.70717,-1.628178e-05,1.065164e-05,STAR
17.97642,16.99406,16.75998,16.62899,16.73161,-4.115054e-05,9.021336e-06,STAR
21.4035,19.73548,19.159,18.95492,18.8187,7.317156e-05,1.995264e-05,STAR
18.72844,17.59439,17.51884,17.39425,17.52235,-5.76608e-05,1.951646e-05,STAR
19.51218,18.99005,18.84945,18.84188,18.8801,-0.0003014776,5.194097e-05,STAR
18.89578,17.71876,17.66893,17.70651,17.75566,0.0003067647,1.676712e-05,STAR
20.36397,19.33833,19.09738,19.05841,19.029,-0.0001479507,7.103804e-05,STAR
16.60644,15.56408,15.21295,15.09682,15.09448,3.009666e-05,8.827718e-06,STAR
20.40072,19.21053,19.3548,19.50411,19.60449,-0.0002508752,3.781255e-05,STAR
17.41321,16.30317,15.87046,15.73293,15.69639,6.541377e-05,8.788651e-06,STAR
17.55866,16.56906,16.37406,16.30625,16.3339,-0.0002082171,9.075537e-06,STAR
19.11494,18.02407,18.20786,18.39707,18.46365,0.0002371987,1.686295e-05,STAR
23.3626,21.64844,20.30751,19.97066,19.28269,0.0002083956,6.0437e-05,STAR
19.55328,18.60928,18.39578,18.36277,18.38648,0.0002643732,3.167675e-05,STAR
25.17962,23.34535,21.46558,18.48498,16.73014,5.110327e-05,1.364066e-05,STAR
18.49907,17.49348,17.33407,17.28666,17.28936,0.0003228329,1.478982e-05,STAR
17.7845,16.6825,16.68994,16.74919,16.85615,-0.0001739029,7.897242e-06,STAR
18.83352,17.80271,17.42901,17.31131,17.22715,0.0003468973,1.349193e-05,STAR
20.16378,18.44141,17.71633,17.37893,17.20518,0.0001639442,9.988917e-06,STAR
19.32964,18.34226,18.19017,18.12518,18.14161,-0.0008485969,2.64323e-05,STAR
18.34214,17.28184,17.10535,17.03648,17.07636,-0.0002087198,1.209411e-05,STAR
20.5285,19.55122,19.35842,19.21615,19.30382,0.0009070918,7.488597e-05,STAR
21.33077,18.93973,17.85441,17.46882,17.22774,-0.0001324863,9.935543e-06,STAR
23.50396,20.5526,19.52865,19.40186,18.83776,0.0005524358,2.731947e-05,STAR
20.20627,19.01493,18.85849,18.74447,18.69458,0.0004553377,3.247339e-05,STAR
17.18193,16.81078,16.91802,17.05643,17.29586,1.11085e-05,1.554561e-05,STAR
20.40932,19.07494,18.93698,18.92704,18.92806,-4.883411e-05,2.862172e-05,STAR
20.41869,19.22064,18.98433,18.88954,18.89075,8.51186e-05,4.586485e-05,STAR
24.32775,22.70636,21.84321,19.38762,18.01494,-0.0004191546,2.704164e-05,STAR
18.97475,17.82043,17.64165,17.55474,17.5516,-0.0003997378,2.240118e-05,STAR
20.39315,19.20126,19.35365,19.53701,19.47623,4.666902e-05,3.597373e-05,STAR
20.55325,18.79811,18.11304,17.70004,17.67205,-0.0002897677,1.283245e-05,STAR
17.37852,16.42617,16.14042,15.99862,15.96769,-0.0001146265,1.082711e-05,STAR
19.22943,19.37645,19.65459,19.96089,20.11373,-0.0001217844,0.0001007134,STAR
20.95453,20.37668,20.6609,20.97821,21.71095,-0.001043859,0.0002835567,STAR
19.82344,18.77954,18.74689,18.7442,18.7941,3.451435e-05,3.085466e-05,STAR
18.45745,17.39776,17.30693,17.34461,17.4096,0.0001807399,1.301676e-05,STAR
19.0138,18.60191,18.27667,18.24333,18.33091,0.0002133708,7.950466e-05,STAR
16.57228,15.3405,14.874,14.67485,14.60987,-0.0001281269,9.333566e-06,STAR
19.49798,18.50358,18.35578,18.31548,18.35497,-0.0002624853,2.684435e-05,STAR
17.69904,17.26476,17.1414,17.10893,17.20256,0.0001236428,3.001655e-05,STAR
22.13078,20.34054,19.58148,19.27852,19.10071,6.085339e-05,2.96922e-05,STAR
25.40306,22.43903,20.71209,18.10784,16.5979,-1.658796e-05,1.409887e-05,STAR
18.63685,17.67582,17.34915,17.22947,17.19086,-4.045782e-05,1.467144e-05,STAR
17.11999,15.92097,16.05132,16.18988,16.27159,-0.0001280625,5.061586e-06,STAR
19.21682,18.23162,18.12289,18.06173,18.17063,-0.0001108795,2.633311e-05,STAR
16.79492,16.36825,16.53799,16.71995,16.95238,1.043275e-05,1.419756e-05,STAR
19.02348,17.71876,17.23015,16.99881,16.9075,-0.000214612,1.065676e-05,STAR
20.06971,18.99489,18.99301,19.02674,19.10111,-0.0003354948,3.498071e-05,STAR
17.67971,16.43597,16.40188,16.45385,16.47479,0.0005294185,8.829154e-06,STAR
20.09672,18.89886,18.89249,18.95955,18.98889,0.0004673481,3.244114e-05,STAR
19.41505,18.44971,18.23161,18.13424,18.16663,0.0003801969,3.150117e-05,STAR
21.71371,19.18759,17.83612,17.00833,16.53395,-4.122659e-05,1.188886e-05,STAR
20.88301,19.15599,18.38311,18.03715,17.84064,-1.580177e-06,1.308278e-05,STAR
22.14813,19.64172,18.22672,17.14951,16.56389,0.0001145938,1.353802e-05,STAR
20.28749,18.44919,17.81166,17.57679,17.49095,1.043262e-05,9.470777e-06,STAR
19.98049,18.46972,17.94446,17.75562,17.65221,0.0001430127,1.394108e-05,STAR
20.90954,19.06968,18.31796,18.0105,17.79494,-6.259785e-05,1.423576e-05,STAR
21.90327,19.21756,17.80529,16.96877,16.49046,-1.668192e-05,1.073946e-05,STAR
22.51831,19.40464,18.04958,17.46046,17.10736,-0.000155237,1.279712e-05,STAR
20.03762,18.54695,17.94456,17.70799,17.59645,-6.749605e-05,1.137162e-05,STAR
22.12509,19.73814,18.41311,17.39781,16.85516,-3.739004e-05,1.485496e-05,STAR
21.20216,19.2409,18.25441,17.83254,17.60371,-1.910968e-05,1.396762e-05,STAR
20.64708,18.58112,17.75409,17.43763,17.23841,-4.063076e-05,9.071909e-06,STAR
20.97874,19.1317,18.36028,18.08934,17.92548,7.219792e-05,1.314217e-05,STAR
19.59212,18.56625,18.19931,18.06041,17.98392,-0.0003270063,2.716397e-05,STAR
21.9183,19.65486,18.27745,16.96803,16.25849,7.72111e-05,1.685814e-05,STAR
19.52206,18.50124,18.23157,18.12255,18.08416,-0.0003125547,2.22233e-05,STAR
20.35076,19.02192,18.47729,18.2283,18.10746,-0.0001990748,1.402673e-05,STAR
19.81589,18.67213,18.29871,18.16561,18.0581,6.925466e-05,1.610619e-05,STAR
21.79495,19.37892,18.01344,16.93731,16.36479,-6.395725e-05,1.484088e-05,STAR
19.62511,18.2951,17.78618,17.58375,17.49001,0.000175259,1.186082e-05,STAR
22.2454,19.7754,18.4994,17.92295,17.5754,-0.0001289794,1.197052e-05,STAR
19.08738,18.11349,17.70563,17.53172,17.49442,0.0005217018,1.481057e-05,STAR
19.74424,18.52102,18.02504,17.84072,17.72,0.0001621208,1.345467e-05,STAR
21.188,19.00095,18.10983,17.75681,17.49065,0.0001600577,1.372023e-05,STAR
21.87024,19.29605,17.95938,16.9361,16.39778,0.0001756395,1.687418e-05,STAR
21.56196,19.07042,17.73272,16.64946,16.08037,0.0001065093,1.977845e-05,STAR
19.36504,18.1693,17.72159,17.51054,17.38245,-0.0003572485,1.868008e-05,STAR
20.51602,18.62502,17.91469,17.70192,17.48324,8.844092e-05,1.139063e-05,STAR
19.57772,18.61321,18.251,18.12886,18.09868,7.482107e-05,2.621525e-05,STAR
21.31653,18.99333,17.96683,17.56443,17.32199,0.0002351984,9.345823e-06,STAR
20.5396,18.63988,17.86748,17.58214,17.44314,-6.814536e-05,1.062435e-05,STAR
20.52102,18.66383,17.85453,17.57598,17.38898,-7.673664e-05,1.084107e-05,STAR
21.03012,19.02415,18.16425,17.845,17.63958,-5.364411e-05,1.316314e-05,STAR
21.96125,19.54778,18.50873,18.18244,17.89649,0.0001264544,1.847725e-05,STAR
20.55229,19.09785,18.53285,18.27329,18.16742,0.0007595849,2.565663e-05,STAR
22.77107,20.03725,18.56524,17.20926,16.48768,1.502957e-05,1.517006e-05,STAR
21.39849,19.38945,18.43677,18.06987,17.83748,2.273522e-05,1.322318e-05,STAR
21.60061,19.55347,18.42227,17.90685,17.6061,0.0001124914,1.628197e-05,STAR
21.33654,19.37335,18.43451,18.11915,17.84678,0.0001538908,1.566636e-05,STAR
21.3147,19.02523,17.77209,17.22214,16.80701,-7.003165e-05,1.110542e-05,STAR
22.0378,19.48777,18.07566,17.26077,16.75778,-7.326515e-05,1.285834e-05,STAR
20.34764,18.64004,17.94832,17.70903,17.5703,-2.075571e-05,1.093621e-05,STAR
19.99232,18.92364,18.52997,18.3573,18.33886,4.363484e-05,2.288796e-05,STAR
22.16856,19.85604,18.3924,16.96837,16.23447,8.00723e-05,2.155386e-05,STAR
20.96296,18.97742,18.13042,17.75468,17.57152,0.0004010858,1.28924e-05,STAR
22.88024,19.78059,18.31511,16.86132,16.10888,-1.371155e-05,2.16546e-05,STAR
22.2333,19.78458,18.46707,17.15948,16.4487,-3.054076e-05,2.366216e-05,STAR
21.68879,19.41474,17.99735,17.30318,16.85045,3.387464e-06,1.280739e-05,STAR
21.64212,19.12736,17.78216,16.68014,16.06623,-0.0001246734,1.898618e-05,STAR
21.70687,19.33449,18.04991,17.59015,17.35395,2.375804e-05,9.615233e-06,STAR
22.02961,19.731,18.38296,17.77644,17.41837,-1.392292e-05,1.663264e-05,STAR
22.67385,19.77868,18.42096,17.30068,16.72326,0.0001194761,1.830077e-05,STAR
20.65547,19.13336,18.499,18.22183,18.10684,0.0008195155,2.157617e-05,STAR
22.74423,19.76339,18.29325,16.91721,16.15835,7.788981e-05,2.159695e-05,STAR
21.44194,19.09803,17.8622,17.33613,17.00804,-7.472335e-05,1.006049e-05,STAR
20.38619,18.73002,17.99492,17.71408,17.55409,0.0001461228,1.044845e-05,STAR
20.26393,18.42866,17.69777,17.44623,17.33288,-0.0001064983,8.398034e-06,STAR
22.27642,19.6684,18.55443,18.11423,17.82105,0.0001139279,1.315691e-05,STAR
22.3078,19.41163,18.02743,17.45973,17.08615,5.771063e-05,1.165921e-05,STAR
21.74207,19.37025,18.01886,16.94969,16.34139,0.0001194597,1.831242e-05,STAR
21.41109,19.07802,17.84592,17.35042,17.08169,9.157402e-05,1.246366e-05,STAR
21.70828,19.16539,17.91615,17.37875,17.03872,-5.161365e-07,1.174607e-05,STAR
22.63914,19.85744,18.37263,16.85397,16.01722,-9.127253e-05,1.990168e-05,STAR
21.02678,19.03813,18.10458,17.6759,17.45259,0.0003480748,1.679977e-05,STAR
22.83097,20.12104,18.55797,17.00818,16.15363,-4.339604e-05,1.640534e-05,STAR
22.22924,19.69489,18.41481,17.82159,17.46163,7.843255e-05,1.953743e-05,STAR
22.43795,19.74852,18.29335,17.44415,16.99745,4.549051e-06,1.395305e-05,STAR
20.0841,18.93351,18.39383,18.14622,18.03753,0.0001259771,3.305265e-05,STAR
19.8373,18.75487,18.30692,18.17897,18.13518,0.0001830788,1.815597e-05,STAR
21.40656,19.31684,18.25448,17.82275,17.57351,0.0005042777,1.717742e-05,STAR
20.71947,18.75109,18.00311,17.74849,17.58579,2.224622e-05,1.016631e-05,STAR
21.21766,18.81878,17.75692,17.35665,17.09952,0.000206912,9.828198e-06,STAR
21.8651,19.42506,18.13039,17.53902,17.24602,-3.972853e-05,1.372522e-05,STAR
21.52829,19.41199,18.2604,17.81823,17.55939,-4.93286e-05,1.314532e-05,STAR
22.50411,19.89833,18.43207,17.56387,17.04392,7.114455e-05,1.168479e-05,STAR
20.34832,18.9066,18.39519,18.2074,18.07807,9.712642e-05,1.838896e-05,STAR
19.43548,18.34638,17.94708,17.75624,17.7264,0.0001120909,1.572443e-05,STAR
22.28552,19.94897,18.40464,17.15501,16.46984,9.11426e-05,1.197161e-05,STAR
22.29392,19.67692,18.41632,17.93547,17.66449,0.0001488038,1.424929e-05,STAR
21.54762,19.1685,17.77219,16.98369,16.50558,0.0001098336,1.513247e-05,STAR
21.67874,19.18582,17.80535,17.07652,16.66993,-4.039808e-06,9.633898e-06,STAR
21.81378,19.66145,18.25051,16.86639,16.07299,-4.52506e-05,2.101019e-05,STAR
22.30164,19.75294,18.54977,18.04812,17.80222,0.0003275835,1.449081e-05,STAR
20.25682,18.82489,18.24124,18.01287,17.94164,0.0006575224,1.704127e-05,STAR
21.46035,19.27421,18.16648,17.71545,17.45146,-4.625507e-05,1.03326e-05,STAR
20.45678,18.64187,17.89067,17.57838,17.35874,-1.703438e-05,9.536045e-06,STAR
21.51081,19.20061,17.86052,17.30046,16.93173,0.0001896802,1.016267e-05,STAR
21.67554,19.19599,18.09049,17.68173,17.48643,5.834167e-05,1.12148e-05,STAR
19.44389,18.4749,18.16962,18.01543,18.03721,0.0003146027,2.188608e-05,STAR
20.82752,18.92329,18.23117,17.97693,17.84926,0.0002579827,1.237724e-05,STAR
22.19653,19.799,18.37861,17.36,16.79675,8.77643e-06,1.280594e-05,STAR
21.10188,18.92179,17.69386,17.21397,16.91377,-6.920765e-05,1.041227e-05,STAR
21.63882,19.07323,17.68483,16.70866,16.13583,0.0002669052,1.218225e-05,STAR
19.55983,18.67661,18.34249,18.21394,18.15635,0.0002730247,2.725729e-05,STAR
22.10238,19.63788,18.15965,17.09401,16.50854,-2.554528e-05,1.211346e-05,STAR
21.78776,19.25338,17.80971,16.86039,16.36703,2.573903e-05,1.024081e-05,STAR
21.88084,19.47808,18.09822,17.46263,17.10419,5.725685e-05,1.782337e-05,STAR
21.13132,19.21941,18.50502,18.16944,18.02077,0.0002748412,1.549866e-05,STAR
21.21487,18.94948,18.01511,17.69625,17.48358,9.192595e-05,9.700263e-06,STAR
21.92944,19.52859,18.09756,16.88386,16.21221,-1.716552e-05,1.44407e-05,STAR
22.18153,19.92066,18.55472,17.69886,17.21575,-0.000184826,1.582876e-05,STAR
20.65413,18.83049,18.09111,17.79612,17.62064,0.0001161252,1.660619e-05,STAR
21.63718,19.1695,17.77917,16.68815,16.13118,0.0001005736,1.27968e-05,STAR
21.26998,19.35091,18.56022,18.28804,18.15,4.890953e-05,1.449981e-05,STAR
21.80997,19.58325,18.2345,17.67361,17.31749,0.0003891461,1.197864e-05,STAR
22.16127,19.6304,18.18263,17.05691,16.46974,0.0001486058,1.420698e-05,STAR
22.55291,19.89535,18.51732,17.83888,17.49128,2.968869e-05,1.603569e-05,STAR
19.88853,18.45983,17.95351,17.74443,17.65156,0.000244841,1.340539e-05,STAR
19.65146,18.72328,18.42502,18.32511,18.27242,0.0006230156,2.900223e-05,STAR
21.80279,19.3881,18.13153,17.53995,17.18605,0.0001523671,1.352096e-05,STAR
19.39951,18.48887,18.18195,18.0629,18.02798,-0.0002702182,2.140637e-05,STAR
20.74954,19.1559,18.45468,18.20255,18.02344,-6.611852e-05,1.374221e-05,STAR
22.0849,19.42781,18.0053,16.9826,16.42078,0.0001063606,1.378203e-05,STAR
22.0354,19.51689,18.21445,17.67728,17.33275,-0.0001174463,1.093509e-05,STAR
22.288,19.64644,18.41101,17.88829,17.57521,-2.900389e-05,1.77649e-05,STAR
20.01562,18.63519,18.14719,18.01663,17.94328,0.0001806337,1.858426e-05,STAR
20.62306,18.88899,18.24028,18.0428,17.9328,-3.094953e-05,1.18365e-05,STAR
21.2615,18.98203,17.67146,17.07266,16.67932,-2.311681e-05,1.042594e-05,STAR
20.56405,18.92894,18.25244,18.04737,17.91671,0.0002672251,1.242055e-05,STAR
22.6311,19.97747,18.55824,17.34723,16.66875,-3.793448e-08,1.447981e-05,STAR
19.8616,18.84337,18.51758,18.46457,18.40997,0.0005331085,3.749207e-05,STAR
20.32429,18.86252,18.24034,18.0103,17.88397,0.000471294,2.106399e-05,STAR
20.20385,18.52368,17.90487,17.68209,17.54532,0.0001280083,1.208858e-05,STAR
21.47772,19.16665,17.94499,17.4667,17.1307,0.0002772887,1.163228e-05,STAR
19.14791,18.20765,17.86969,17.68707,17.6396,0.0003859415,2.728923e-05,STAR
18.15102,17.10159,16.72375,16.57245,16.51981,6.30967e-05,1.439147e-05,STAR
18.95435,17.85174,17.71023,17.69618,17.75789,0.0002146759,2.218558e-05,STAR
16.34929,15.32379,15.17408,15.14287,15.14771,0.0005513315,7.990317e-06,STAR
19.33934,18.93093,19.02012,19.18272,19.33682,-0.0001928307,0.0001091037,STAR
24.73649,21.54208,20.19175,18.89863,18.22415,7.616455e-05,3.203896e-05,STAR
17.96625,17.12011,16.77217,16.62855,16.62773,0.0005460029,1.604326e-05,STAR
18.27793,17.86216,18.08781,18.2963,18.62735,-7.272344e-05,4.051305e-05,STAR
20.34564,20.43429,20.72019,20.90356,21.44841,-0.0005813313,0.0002486501,STAR
19.21952,18.86244,19.11115,19.35625,19.56021,0.0002110122,8.633018e-05,STAR
17.29751,16.13867,16.25384,16.34936,16.48225,0.000786088,6.804348e-06,STAR
20.40939,19.9716,19.91847,20.16686,20.51581,0.000371492,0.0001913174,STAR
19.61852,18.6157,18.31468,18.21952,18.20197,0.0009542407,2.740853e-05,STAR
19.00831,17.97474,17.61304,17.4775,17.47054,0.0002976391,1.691984e-05,STAR
19.91935,19.68103,19.84203,20.13223,20.54463,5.655362e-06,0.0001176851,STAR
18.78296,18.30324,18.41582,18.58533,18.81057,0.000322377,5.584928e-05,STAR
26.336,23.2787,21.35111,19.20914,17.81536,-0.0001278916,2.520853e-05,STAR
18.87099,17.65178,17.51718,17.44816,17.46901,0.0003604634,1.665364e-05,STAR
18.27129,17.07834,16.78229,16.66631,16.64259,0.0006763136,1.059818e-05,STAR
18.20374,17.33913,17.02061,16.92501,16.88547,0.0008055152,2.085836e-05,STAR
19.46974,18.37877,18.19497,18.16093,18.18718,0.0007991314,3.506525e-05,STAR
17.85573,16.73224,16.95423,17.09897,17.21122,-9.007137e-05,8.885024e-06,STAR
19.79318,18.93289,17.20181,16.10698,15.93816,0.0001312626,8.708769e-06,STAR
19.97818,18.88063,18.51859,18.39058,18.34085,0.0001108184,2.678121e-05,STAR
18.9115,17.84265,17.39248,17.24206,17.20784,0.0001372105,1.505879e-05,STAR
24.64334,23.85054,23.10311,20.32915,18.8432,1.592556e-05,7.45826e-05,STAR
19.72758,18.4929,18.62136,18.75302,18.83094,-0.0003727878,2.857004e-05,STAR
19.2602,18.80714,18.99012,19.17563,19.44872,-8.011728e-05,6.928802e-05,STAR
16.36176,15.19437,15.32297,15.45456,15.55545,0.0001121523,4.639149e-06,STAR
23.63745,21.36453,19.86776,19.11446,18.61219,2.615839e-05,4.100541e-05,STAR
20.24706,19.83018,19.95216,20.06383,20.15851,6.780768e-05,0.000146994,STAR
24.61351,22.05997,20.5617,18.96164,17.99058,-0.0001404756,2.722804e-05,STAR
20.74201,19.01246,17.85303,17.45644,17.20583,6.396063e-06,9.8442e-06,STAR
20.35023,17.90153,16.60254,15.97958,15.54855,0.0004056764,1.001486e-05,STAR
20.97495,18.5218,17.30913,16.7752,16.4734,1.481867e-05,9.842704e-06,STAR
